{
"type": "FeatureCollection",
"name": "gazeteer_gov",
"crs": { "type": "name", "properties": { "name": "urn:ogc:def:crs:OGC:1.3:CRS84" } },
"features": [
{ "type": "Feature", "properties": { "fid": 68809, "govid": "MIELEN_W5421", "type_value": "Ortsgemeinde", "type_nr": "163", "name": "Miellen", "last_german_name": "", "country": "D", "adm1": "adm_369070", "adm2": "", "adm3": "object_263917", "adm4": "", "plz": "56132", "asciinames": "" }, "geometry": { "type": "Point", "coordinates": [ 7.66667, 50.3333 ] } },
{ "type": "Feature", "properties": { "fid": 223759, "govid": "object_1275606", "type_value": "Kirche", "type_nr": "26", "name": "Koblenz (Liebfrauen)", "last_german_name": "", "country": "D", "adm1": "adm_369070", "adm2": "", "adm3": "object_320295", "adm4": "", "plz": "", "asciinames": "" }, "geometry": { "type": "Point", "coordinates": [ 7.59603, 50.36075 ] } },
{ "type": "Feature", "properties": { "fid": 223751, "govid": "object_1275587", "type_value": "Kirche", "type_nr": "26", "name": "Koblenz-Lützel (St. Antonius von Padua)", "last_german_name": "", "country": "D", "adm1": "adm_369070", "adm2": "", "adm3": "object_320295", "adm4": "", "plz": "", "asciinames": "" }, "geometry": { "type": "Point", "coordinates": [ 7.59665, 50.3674 ] } },
{ "type": "Feature", "properties": { "fid": 223736, "govid": "object_1275554", "type_value": "Kirche", "type_nr": "26", "name": "Weitersburg (St. Marien)", "last_german_name": "", "country": "D", "adm1": "adm_369070", "adm2": "", "adm3": "adm_137137", "adm4": "", "plz": "", "asciinames": "" }, "geometry": { "type": "Point", "coordinates": [ 7.59683, 50.41187 ] } },
{ "type": "Feature", "properties": { "fid": 223732, "govid": "WEIURGJO30TJ", "type_value": "Ortsteil", "type_nr": "40", "name": "Weitersburg", "last_german_name": "", "country": "D", "adm1": "adm_369070", "adm2": "", "adm3": "adm_137137", "adm4": "", "plz": "", "asciinames": "" }, "geometry": { "type": "Point", "coordinates": [ 7.5984, 50.4127 ] } },
{ "type": "Feature", "properties": { "fid": 226870, "govid": "PFAORFJO30TI", "type_value": "Stadtteil", "type_nr": "54", "name": "Pfaffendorf", "last_german_name": "", "country": "D", "adm1": "adm_369070", "adm2": "", "adm3": "object_320295", "adm4": "", "plz": "", "asciinames": "" }, "geometry": { "type": "Point", "coordinates": [ 7.604, 50.346 ] } },
{ "type": "Feature", "properties": { "fid": 223758, "govid": "object_1275605", "type_value": "Kirche", "type_nr": "26", "name": "Koblenz (St. Kastor)", "last_german_name": "", "country": "D", "adm1": "adm_369070", "adm2": "", "adm3": "object_320295", "adm4": "", "plz": "", "asciinames": "" }, "geometry": { "type": "Point", "coordinates": [ 7.60433, 50.36218 ] } },
{ "type": "Feature", "properties": { "fid": 223746, "govid": "object_1275577", "type_value": "Kirche", "type_nr": "26", "name": "Koblenz-Pfaffendorf (St. Peter u. Paul)", "last_german_name": "", "country": "D", "adm1": "adm_369070", "adm2": "", "adm3": "object_320295", "adm4": "", "plz": "", "asciinames": "" }, "geometry": { "type": "Point", "coordinates": [ 7.60518, 50.34837 ] } },
{ "type": "Feature", "properties": { "fid": 226866, "govid": "NEUORFJO30TI", "type_value": "Stadtteil", "type_nr": "54", "name": "Neuendorf", "last_german_name": "", "country": "D", "adm1": "adm_369070", "adm2": "", "adm3": "object_320295", "adm4": "", "plz": "", "asciinames": "" }, "geometry": { "type": "Point", "coordinates": [ 7.6083, 50.3746 ] } },
{ "type": "Feature", "properties": { "fid": 223747, "govid": "object_1275578", "type_value": "Kirche", "type_nr": "26", "name": "Koblenz-Pfaffendorfer Höhe (St. Martin)", "last_german_name": "", "country": "D", "adm1": "adm_369070", "adm2": "", "adm3": "object_320295", "adm4": "", "plz": "", "asciinames": "" }, "geometry": { "type": "Point", "coordinates": [ 7.61074, 50.34092 ] } },
{ "type": "Feature", "properties": { "fid": 223750, "govid": "object_1275586", "type_value": "Kirche", "type_nr": "26", "name": "Koblenz-Neuendorf (St. Peter)", "last_german_name": "", "country": "D", "adm1": "adm_369070", "adm2": "", "adm3": "object_320295", "adm4": "", "plz": "", "asciinames": "" }, "geometry": { "type": "Point", "coordinates": [ 7.61088, 50.37692 ] } },
{ "type": "Feature", "properties": { "fid": 207221, "govid": "SCHHLEJO30TJ", "type_value": "Gemeindeteil", "type_nr": "158", "name": "Schnatzenmühle", "last_german_name": "", "country": "D", "adm1": "adm_369070", "adm2": "", "adm3": "adm_137137", "adm4": "", "plz": "56191", "asciinames": "" }, "geometry": { "type": "Point", "coordinates": [ 7.6114, 50.4083 ] } },
{ "type": "Feature", "properties": { "fid": 226867, "govid": "EHREINJO30TI", "type_value": "Stadtteil", "type_nr": "54", "name": "Ehrenbreitstein", "last_german_name": "", "country": "D", "adm1": "adm_369070", "adm2": "", "adm3": "object_320295", "adm4": "", "plz": "", "asciinames": "" }, "geometry": { "type": "Point", "coordinates": [ 7.6128, 50.3594 ] } },
{ "type": "Feature", "properties": { "fid": 223738, "govid": "object_1275559", "type_value": "Kirche", "type_nr": "26", "name": "Vallendar (St. Marzellinus u. Petrus)", "last_german_name": "", "country": "D", "adm1": "adm_369070", "adm2": "", "adm3": "adm_137137", "adm4": "VALDARJO30TJ", "plz": "", "asciinames": "" }, "geometry": { "type": "Point", "coordinates": [ 7.61332, 50.40174 ] } },
{ "type": "Feature", "properties": { "fid": 223744, "govid": "object_1275575", "type_value": "Kirche", "type_nr": "26", "name": "Koblenz-Ehrenbreitstein (Heilig Kreuz)", "last_german_name": "", "country": "D", "adm1": "adm_369070", "adm2": "", "adm3": "object_320295", "adm4": "", "plz": "", "asciinames": "" }, "geometry": { "type": "Point", "coordinates": [ 7.61344, 50.35971 ] } },
{ "type": "Feature", "properties": { "fid": 223745, "govid": "object_1275576", "type_value": "Kirche", "type_nr": "26", "name": "Koblenz-Alsterstein (Maria Himmelfahrt)", "last_german_name": "", "country": "D", "adm1": "adm_369070", "adm2": "", "adm3": "object_320295", "adm4": "", "plz": "", "asciinames": "" }, "geometry": { "type": "Point", "coordinates": [ 7.61414, 50.34658 ] } },
{ "type": "Feature", "properties": { "fid": 3125, "govid": "ASTEIN_W5400", "type_value": "Stadtteil", "type_nr": "54", "name": "Asterstein", "last_german_name": "", "country": "D", "adm1": "adm_369070", "adm2": "", "adm3": "object_320295", "adm4": "", "plz": "W5400", "asciinames": "" }, "geometry": { "type": "Point", "coordinates": [ 7.6158, 50.349 ] } },
{ "type": "Feature", "properties": { "fid": 226265, "govid": "NIERT1JO30TJ", "type_value": "Dorf", "type_nr": "55", "name": "Niederwerth", "last_german_name": "", "country": "D", "adm1": "adm_369070", "adm2": "", "adm3": "adm_137137", "adm4": "", "plz": "", "asciinames": "" }, "geometry": { "type": "Point", "coordinates": [ 7.62, 50.4 ] } },
{ "type": "Feature", "properties": { "fid": 187815, "govid": "VALDA1JO30TJ", "type_value": "Stadt", "type_nr": "51", "name": "Vallendar", "last_german_name": "", "country": "D", "adm1": "adm_369070", "adm2": "", "adm3": "adm_137137", "adm4": "VALDARJO30TJ", "plz": "", "asciinames": "" }, "geometry": { "type": "Point", "coordinates": [ 7.6209, 50.397 ] } },
{ "type": "Feature", "properties": { "fid": 6941, "govid": "BESICH_W5414", "type_value": "Gemeindeteil", "type_nr": "158", "name": "Besselich", "last_german_name": "", "country": "D", "adm1": "adm_369070", "adm2": "", "adm3": "adm_137137", "adm4": "", "plz": "56182", "asciinames": "" }, "geometry": { "type": "Point", "coordinates": [ 7.6217, 50.3867 ] } },
{ "type": "Feature", "properties": { "fid": 166709, "govid": "WERHLEJO30TI", "type_value": "Mühle", "type_nr": "87", "name": "Werlesmühle", "last_german_name": "", "country": "D", "adm1": "adm_369070", "adm2": "", "adm3": "object_320295", "adm4": "", "plz": "", "asciinames": "" }, "geometry": { "type": "Point", "coordinates": [ 7.624, 50.3396 ] } },
{ "type": "Feature", "properties": { "fid": 223739, "govid": "object_1275561", "type_value": "Kirche", "type_nr": "26", "name": "Urbar (St. Peter u. Paul)", "last_german_name": "", "country": "D", "adm1": "adm_369070", "adm2": "", "adm3": "adm_137137", "adm4": "", "plz": "", "asciinames": "" }, "geometry": { "type": "Point", "coordinates": [ 7.624034, 50.381169 ] } },
{ "type": "Feature", "properties": { "fid": 207220, "govid": "GUMERKJO30TJ", "type_value": "Gemeindeteil", "type_nr": "158", "name": "Gummiwerk", "last_german_name": "", "country": "D", "adm1": "adm_369070", "adm2": "", "adm3": "adm_137137", "adm4": "", "plz": "56191", "asciinames": "" }, "geometry": { "type": "Point", "coordinates": [ 7.62766, 50.40854 ] } },
{ "type": "Feature", "properties": { "fid": 223742, "govid": "object_1275573", "type_value": "Kirche", "type_nr": "26", "name": "Koblenz-Niederberg (St. Pankratius)", "last_german_name": "", "country": "", "adm1": "", "adm2": "", "adm3": "", "adm4": "", "plz": "", "asciinames": "" }, "geometry": { "type": "Point", "coordinates": [ 7.62854, 50.37093 ] } },
{ "type": "Feature", "properties": { "fid": 226869, "govid": "NIEERGJO30TI", "type_value": "Stadtteil", "type_nr": "54", "name": "Niederberg", "last_german_name": "", "country": "D", "adm1": "adm_369070", "adm2": "", "adm3": "object_320295", "adm4": "", "plz": "", "asciinames": "" }, "geometry": { "type": "Point", "coordinates": [ 7.6286, 50.369 ] } },
{ "type": "Feature", "properties": { "fid": 223743, "govid": "object_1275574", "type_value": "Kirche", "type_nr": "26", "name": "Koblenz-Arzheim (St. Aldegundis)", "last_german_name": "", "country": "D", "adm1": "adm_369070", "adm2": "", "adm3": "object_320295", "adm4": "", "plz": "", "asciinames": "" }, "geometry": { "type": "Point", "coordinates": [ 7.62943, 50.35313 ] } },
{ "type": "Feature", "properties": { "fid": 226839, "govid": "URBBA1JO30TJ", "type_value": "Ortsteil", "type_nr": "40", "name": "Urbar", "last_german_name": "", "country": "D", "adm1": "adm_369070", "adm2": "", "adm3": "adm_137137", "adm4": "", "plz": "", "asciinames": "" }, "geometry": { "type": "Point", "coordinates": [ 7.63, 50.38 ] } },
{ "type": "Feature", "properties": { "fid": 207219, "govid": "MALERGJO30TJ", "type_value": "Hof", "type_nr": "24", "name": "Mallendarerberg", "last_german_name": "", "country": "D", "adm1": "adm_369070", "adm2": "", "adm3": "adm_137137", "adm4": "VALDARJO30TJ", "plz": "56179", "asciinames": "" }, "geometry": { "type": "Point", "coordinates": [ 7.6302, 50.3929 ] } },
{ "type": "Feature", "properties": { "fid": 226851, "govid": "ARZEIMJO30TI", "type_value": "Stadtteil", "type_nr": "54", "name": "Arzheim", "last_german_name": "", "country": "D", "adm1": "adm_369070", "adm2": "", "adm3": "object_320295", "adm4": "", "plz": "56077", "asciinames": "" }, "geometry": { "type": "Point", "coordinates": [ 7.6314, 50.3547 ] } },
{ "type": "Feature", "properties": { "fid": 6144, "govid": "BERATT_W5414", "type_value": "Gemeindeteil", "type_nr": "158", "name": "Berg Schönstatt", "last_german_name": "", "country": "D", "adm1": "adm_369070", "adm2": "", "adm3": "adm_137137", "adm4": "VALDARJO30TJ", "plz": "56179", "asciinames": "" }, "geometry": { "type": "Point", "coordinates": [ 7.6328, 50.4069 ] } },
{ "type": "Feature", "properties": { "fid": 3568, "govid": "AUMHLE_W5414", "type_value": "Gemeindeteil", "type_nr": "158", "name": "Aumühle", "last_german_name": "", "country": "D", "adm1": "adm_369070", "adm2": "", "adm3": "adm_137137", "adm4": "VALDARJO30TJ", "plz": "56179", "asciinames": "" }, "geometry": { "type": "Point", "coordinates": [ 7.634, 50.4033 ] } },
{ "type": "Feature", "properties": { "fid": 226871, "govid": "WALEIMJO30TJ", "type_value": "Stadtteil", "type_nr": "54", "name": "Wallersheim", "last_german_name": "", "country": "D", "adm1": "adm_369070", "adm2": "", "adm3": "object_320295", "adm4": "", "plz": "", "asciinames": "" }, "geometry": { "type": "Point", "coordinates": [ 7.6089, 50.383 ] } },
{ "type": "Feature", "properties": { "fid": 226872, "govid": "MALDARJO30TJ", "type_value": "Gemeindeteil", "type_nr": "158", "name": "Mallendar", "last_german_name": "", "country": "D", "adm1": "adm_369070", "adm2": "", "adm3": "adm_137137", "adm4": "VALDARJO30TJ", "plz": "", "asciinames": "" }, "geometry": { "type": "Point", "coordinates": [ 7.62, 50.389 ] } },
{ "type": "Feature", "properties": { "fid": 236743, "govid": "NEUCHEJO30TI", "type_value": "Kirche", "type_nr": "26", "name": "Neuendorf/Martin-Luther-Kirche", "last_german_name": "", "country": "", "adm1": "", "adm2": "", "adm3": "", "adm4": "", "plz": "", "asciinames": "" }, "geometry": { "type": "Point", "coordinates": [ 7.6027, 50.3711 ] } },
{ "type": "Feature", "properties": { "fid": 236747, "govid": "PFACHEJO30TI", "type_value": "Kirche", "type_nr": "26", "name": "Pfaffendorfer Höhe/Hoffnungskirche", "last_german_name": "", "country": "", "adm1": "", "adm2": "", "adm3": "", "adm4": "", "plz": "", "asciinames": "" }, "geometry": { "type": "Point", "coordinates": [ 7.6198, 50.3404 ] } },
{ "type": "Feature", "properties": { "fid": 236761, "govid": "MALRUMJO30TJ", "type_value": "Kirche", "type_nr": "26", "name": "Mallendarer Berg/Gemeindezentrum", "last_german_name": "", "country": "", "adm1": "", "adm2": "", "adm3": "", "adm4": "", "plz": "", "asciinames": "" }, "geometry": { "type": "Point", "coordinates": [ 7.6262, 50.392 ] } },
{ "type": "Feature", "properties": { "fid": 223694, "govid": "object_1275466", "type_value": "Kirche", "type_nr": "26", "name": "Neuwied-Engers (St. Martin)", "last_german_name": "", "country": "D", "adm1": "adm_369070", "adm2": "", "adm3": "adm_137138", "adm4": "NEUIEDJO30RK", "plz": "", "asciinames": "" }, "geometry": { "type": "Point", "coordinates": [ 7.546, 50.42262 ] } },
{ "type": "Feature", "properties": { "fid": 223734, "govid": "object_1275552", "type_value": "Kirche", "type_nr": "26", "name": "Mülhofen (St. Clemens)", "last_german_name": "", "country": "D", "adm1": "adm_369070", "adm2": "", "adm3": "adm_137137", "adm4": "BENORFJO30TK", "plz": "", "asciinames": "" }, "geometry": { "type": "Point", "coordinates": [ 7.55638, 50.42609 ] } },
{ "type": "Feature", "properties": { "fid": 192460, "govid": "RUHOFEJO30SI", "type_value": "Wohnplatz", "type_nr": "129", "name": "Ruhrer Höfe", "last_german_name": "", "country": "", "adm1": "", "adm2": "", "adm3": "", "adm4": "", "plz": "", "asciinames": "" }, "geometry": { "type": "Point", "coordinates": [ 7.5665, 50.3675 ] } },
{ "type": "Feature", "properties": { "fid": 223730, "govid": "object_1275543", "type_value": "Kirche", "type_nr": "26", "name": "St. Sebastian (St. Sebastian)", "last_german_name": "", "country": "D", "adm1": "adm_369070", "adm2": "", "adm3": "adm_137137", "adm4": "", "plz": "", "asciinames": "" }, "geometry": { "type": "Point", "coordinates": [ 7.56655, 50.4111 ] } },
{ "type": "Feature", "properties": { "fid": 51239, "govid": "KARUSE_W5400", "type_value": "Stadtteil", "type_nr": "54", "name": "Karthause", "last_german_name": "", "country": "D", "adm1": "adm_369070", "adm2": "", "adm3": "object_320295", "adm4": "", "plz": "W5400", "asciinames": "" }, "geometry": { "type": "Point", "coordinates": [ 7.5733, 50.3428 ] } },
{ "type": "Feature", "properties": { "fid": 223735, "govid": "object_1275553", "type_value": "Kirche", "type_nr": "26", "name": "Bendorf (St. Medard)", "last_german_name": "", "country": "D", "adm1": "adm_369070", "adm2": "", "adm3": "adm_137137", "adm4": "BENORFJO30TK", "plz": "", "asciinames": "" }, "geometry": { "type": "Point", "coordinates": [ 7.5782, 50.42172 ] } },
{ "type": "Feature", "properties": { "fid": 187814, "govid": "BENORFJO30SK", "type_value": "Stadt", "type_nr": "51", "name": "Bendorf", "last_german_name": "", "country": "D", "adm1": "adm_369070", "adm2": "", "adm3": "adm_137137", "adm4": "BENORFJO30TK", "plz": "", "asciinames": "" }, "geometry": { "type": "Point", "coordinates": [ 7.58, 50.42 ] } },
{ "type": "Feature", "properties": { "fid": 77891, "govid": "OBERTH_W5400", "type_value": "Stadtteil", "type_nr": "54", "name": "Oberwerth", "last_german_name": "", "country": "D", "adm1": "adm_369070", "adm2": "", "adm3": "object_320295", "adm4": "", "plz": "W5400", "asciinames": "" }, "geometry": { "type": "Point", "coordinates": [ 7.5896, 50.344 ] } },
{ "type": "Feature", "properties": { "fid": 223749, "govid": "object_1275585", "type_value": "Kirche", "type_nr": "26", "name": "Koblenz-Kesselheim (St. Martin)", "last_german_name": "", "country": "D", "adm1": "adm_369070", "adm2": "", "adm3": "object_320295", "adm4": "", "plz": "", "asciinames": "" }, "geometry": { "type": "Point", "coordinates": [ 7.58269, 50.39987 ] } },
{ "type": "Feature", "properties": { "fid": 223752, "govid": "object_1275588", "type_value": "Kirche", "type_nr": "26", "name": "Koblenz-Lützel (Maria Hilf)", "last_german_name": "", "country": "D", "adm1": "adm_369070", "adm2": "", "adm3": "object_320295", "adm4": "", "plz": "", "asciinames": "" }, "geometry": { "type": "Point", "coordinates": [ 7.5866, 50.36968 ] } },
{ "type": "Feature", "properties": { "fid": 223754, "govid": "object_1275595", "type_value": "Kirche", "type_nr": "26", "name": "Koblenz-Güls (St. Servatius)", "last_german_name": "", "country": "D", "adm1": "adm_369070", "adm2": "", "adm3": "object_320295", "adm4": "", "plz": "", "asciinames": "" }, "geometry": { "type": "Point", "coordinates": [ 7.54747, 50.34175 ] } },
{ "type": "Feature", "properties": { "fid": 223756, "govid": "object_1275597", "type_value": "Kirche", "type_nr": "26", "name": "Koblenz-Metternich (St. Johannes)", "last_german_name": "", "country": "D", "adm1": "adm_369070", "adm2": "", "adm3": "object_320295", "adm4": "", "plz": "", "asciinames": "" }, "geometry": { "type": "Point", "coordinates": [ 7.54841, 50.36525 ] } },
{ "type": "Feature", "properties": { "fid": 223757, "govid": "object_1275598", "type_value": "Kirche", "type_nr": "26", "name": "Koblenz-Metternich (St. Konrad)", "last_german_name": "", "country": "D", "adm1": "adm_369070", "adm2": "", "adm3": "object_320295", "adm4": "", "plz": "", "asciinames": "" }, "geometry": { "type": "Point", "coordinates": [ 7.56377, 50.37023 ] } },
{ "type": "Feature", "properties": { "fid": 223760, "govid": "object_1275607", "type_value": "Kirche", "type_nr": "26", "name": "Koblenz (Herz Jesu)", "last_german_name": "", "country": "D", "adm1": "adm_369070", "adm2": "", "adm3": "object_320295", "adm4": "", "plz": "", "asciinames": "" }, "geometry": { "type": "Point", "coordinates": [ 7.59098, 50.35674 ] } },
{ "type": "Feature", "properties": { "fid": 223761, "govid": "object_1275608", "type_value": "Kirche", "type_nr": "26", "name": "Koblenz (St. Josef)", "last_german_name": "", "country": "D", "adm1": "adm_369070", "adm2": "", "adm3": "object_320295", "adm4": "", "plz": "", "asciinames": "" }, "geometry": { "type": "Point", "coordinates": [ 7.59101, 50.34615 ] } },
{ "type": "Feature", "properties": { "fid": 223763, "govid": "object_1275617", "type_value": "Kirche", "type_nr": "26", "name": "Koblenz (St. Elisabeth)", "last_german_name": "", "country": "D", "adm1": "adm_369070", "adm2": "", "adm3": "object_320295", "adm4": "", "plz": "", "asciinames": "" }, "geometry": { "type": "Point", "coordinates": [ 7.58309, 50.36047 ] } },
{ "type": "Feature", "properties": { "fid": 223764, "govid": "object_1275618", "type_value": "Kirche", "type_nr": "26", "name": "Koblenz (St. Franziskus)", "last_german_name": "", "country": "D", "adm1": "adm_369070", "adm2": "", "adm3": "object_320295", "adm4": "", "plz": "", "asciinames": "" }, "geometry": { "type": "Point", "coordinates": [ 7.5775, 50.35444 ] } },
{ "type": "Feature", "properties": { "fid": 223765, "govid": "object_1275619", "type_value": "Kirche", "type_nr": "26", "name": "Koblenz-Moselweiß (St. Laurentius)", "last_german_name": "", "country": "D", "adm1": "adm_369070", "adm2": "", "adm3": "object_320295", "adm4": "", "plz": "", "asciinames": "" }, "geometry": { "type": "Point", "coordinates": [ 7.55918, 50.35079 ] } },
{ "type": "Feature", "properties": { "fid": 223766, "govid": "object_1275620", "type_value": "Kirche", "type_nr": "26", "name": "Koblenz-Karthause (St. Beatus)", "last_german_name": "", "country": "D", "adm1": "adm_369070", "adm2": "", "adm3": "object_320295", "adm4": "", "plz": "", "asciinames": "" }, "geometry": { "type": "Point", "coordinates": [ 7.57919, 50.34682 ] } },
{ "type": "Feature", "properties": { "fid": 223767, "govid": "object_1275621", "type_value": "Kirche", "type_nr": "26", "name": "Koblenz-Karthause (St. Hedwig)", "last_german_name": "", "country": "D", "adm1": "adm_369070", "adm2": "", "adm3": "object_320295", "adm4": "", "plz": "", "asciinames": "" }, "geometry": { "type": "Point", "coordinates": [ 7.56657, 50.33736 ] } },
{ "type": "Feature", "properties": { "fid": 226040, "govid": "KALER1JO30SK", "type_value": "Dorf", "type_nr": "55", "name": "Kaltenengers", "last_german_name": "", "country": "D", "adm1": "adm_369070", "adm2": "", "adm3": "adm_137137", "adm4": "", "plz": "", "asciinames": "" }, "geometry": { "type": "Point", "coordinates": [ 7.55, 50.42 ] } },
{ "type": "Feature", "properties": { "fid": 226852, "govid": "BUBEIMJO30SJ", "type_value": "Stadtteil", "type_nr": "54", "name": "Bubenheim", "last_german_name": "", "country": "D", "adm1": "adm_369070", "adm2": "", "adm3": "object_320295", "adm4": "", "plz": "", "asciinames": "" }, "geometry": { "type": "Point", "coordinates": [ 7.5483, 50.3803 ] } },
{ "type": "Feature", "properties": { "fid": 226853, "govid": "GULULSJO30SI", "type_value": "Stadtteil", "type_nr": "54", "name": "Güls", "last_german_name": "", "country": "D", "adm1": "adm_369070", "adm2": "", "adm3": "object_320295", "adm4": "", "plz": "", "asciinames": "" }, "geometry": { "type": "Point", "coordinates": [ 7.5497, 50.3439 ] } },
{ "type": "Feature", "properties": { "fid": 226854, "govid": "KESEIMJO30SJ", "type_value": "Stadtteil", "type_nr": "54", "name": "Kesselheim", "last_german_name": "", "country": "D", "adm1": "adm_369070", "adm2": "", "adm3": "object_320295", "adm4": "", "plz": "", "asciinames": "" }, "geometry": { "type": "Point", "coordinates": [ 7.5828, 50.3983 ] } },
{ "type": "Feature", "properties": { "fid": 226859, "govid": "object_1282583", "type_value": "Stadtteil", "type_nr": "54", "name": "Metternich", "last_german_name": "", "country": "D", "adm1": "adm_369070", "adm2": "", "adm3": "object_320295", "adm4": "", "plz": "", "asciinames": "" }, "geometry": { "type": "Point", "coordinates": [ 7.5544, 50.3656 ] } },
{ "type": "Feature", "properties": { "fid": 226865, "govid": "MOSISSJO30SI", "type_value": "Stadtteil", "type_nr": "54", "name": "Moselweiß", "last_german_name": "", "country": "D", "adm1": "adm_369070", "adm2": "", "adm3": "object_320295", "adm4": "", "plz": "", "asciinames": "" }, "geometry": { "type": "Point", "coordinates": [ 7.5611, 50.3522 ] } },
{ "type": "Feature", "properties": { "fid": 228524, "govid": "BENFENJO30SK", "type_value": "Ort", "type_nr": "39", "name": "Mülhofen", "last_german_name": "", "country": "D", "adm1": "adm_369070", "adm2": "", "adm3": "adm_137137", "adm4": "BENORFJO30TK", "plz": "", "asciinames": "Bendorf-Mülhofen,Mülhofen" }, "geometry": { "type": "Point", "coordinates": [ 7.555, 50.425 ] } },
{ "type": "Feature", "properties": { "fid": 236739, "govid": "KARAUSJO30SI", "type_value": "Kirche", "type_nr": "26", "name": "Karthause/Dreifaltigkeitshaus", "last_german_name": "", "country": "", "adm1": "", "adm2": "", "adm3": "", "adm4": "", "plz": "", "asciinames": "" }, "geometry": { "type": "Point", "coordinates": [ 7.5697, 50.3411 ] } },
{ "type": "Feature", "properties": { "fid": 236740, "govid": "LUTNGHJO30TI", "type_value": "Kirche", "type_nr": "26", "name": "Lützel/Gemeindezentrum Bodelschwingh", "last_german_name": "", "country": "", "adm1": "", "adm2": "", "adm3": "", "adm4": "", "plz": "", "asciinames": "" }, "geometry": { "type": "Point", "coordinates": [ 7.5888, 50.3718 ] } },
{ "type": "Feature", "properties": { "fid": 236741, "govid": "GULUL1JO30SI", "type_value": "Kirche", "type_nr": "26", "name": "Güls", "last_german_name": "", "country": "", "adm1": "", "adm2": "", "adm3": "", "adm4": "", "plz": "", "asciinames": "" }, "geometry": { "type": "Point", "coordinates": [ 7.5434, 50.341 ] } },
{ "type": "Feature", "properties": { "fid": 236742, "govid": "KESEI1JO30SJ", "type_value": "Kirche", "type_nr": "26", "name": "Kesselheim", "last_german_name": "", "country": "", "adm1": "", "adm2": "", "adm3": "", "adm4": "", "plz": "", "asciinames": "" }, "geometry": { "type": "Point", "coordinates": [ 7.5819, 50.3989 ] } },
{ "type": "Feature", "properties": { "fid": 236744, "govid": "METICHJO30SI", "type_value": "Kirche", "type_nr": "26", "name": "Metternich", "last_german_name": "", "country": "", "adm1": "", "adm2": "", "adm3": "", "adm4": "", "plz": "", "asciinames": "" }, "geometry": { "type": "Point", "coordinates": [ 7.5631, 50.3683 ] } },
{ "type": "Feature", "properties": { "fid": 236745, "govid": "KOBCHEJO30TI", "type_value": "Kirche", "type_nr": "26", "name": "Koblenz/Christuskirche", "last_german_name": "", "country": "", "adm1": "", "adm2": "", "adm3": "", "adm4": "", "plz": "", "asciinames": "" }, "geometry": { "type": "Point", "coordinates": [ 7.5934, 50.3549 ] } },
{ "type": "Feature", "properties": { "fid": 226857, "govid": "AREERGJO30TI", "type_value": "Stadtteil", "type_nr": "54", "name": "Arenberg", "last_german_name": "", "country": "D", "adm1": "adm_369070", "adm2": "", "adm3": "object_320295", "adm4": "", "plz": "", "asciinames": "" }, "geometry": { "type": "Point", "coordinates": [ 7.6418, 50.3653 ] } },
{ "type": "Feature", "properties": { "fid": 223741, "govid": "object_1275572", "type_value": "Kirche", "type_nr": "26", "name": "Koblenz-Arenberg (St. Nikolaus)", "last_german_name": "", "country": "D", "adm1": "adm_369070", "adm2": "", "adm3": "object_320295", "adm4": "", "plz": "", "asciinames": "" }, "geometry": { "type": "Point", "coordinates": [ 7.65288, 50.3681 ] } },
{ "type": "Feature", "properties": { "fid": 226858, "govid": "IMMORFJO30TI", "type_value": "Stadtteil", "type_nr": "54", "name": "Immendorf", "last_german_name": "", "country": "D", "adm1": "adm_369070", "adm2": "", "adm3": "object_320295", "adm4": "", "plz": "", "asciinames": "" }, "geometry": { "type": "Point", "coordinates": [ 7.6583, 50.3736 ] } },
{ "type": "Feature", "properties": { "fid": 5899, "govid": "BEMHLE_W5410", "type_value": "Gemeindeteil", "type_nr": "158", "name": "Bembermühle", "last_german_name": "", "country": "D", "adm1": "adm_369070", "adm2": "", "adm3": "adm_137137", "adm4": "VALDARJO30TJ", "plz": "56203", "asciinames": "" }, "geometry": { "type": "Point", "coordinates": [ 7.6683, 50.4192 ] } },
{ "type": "Feature", "properties": { "fid": 222549, "govid": "object_1272065", "type_value": "Filiale", "type_nr": "13", "name": "Simmern (St. Rochus)", "last_german_name": "", "country": "D", "adm1": "adm_369070", "adm2": "", "adm3": "adm_137143", "adm4": "", "plz": "", "asciinames": "" }, "geometry": { "type": "Point", "coordinates": [ 7.67254, 50.38996 ] } },
{ "type": "Feature", "properties": { "fid": 222542, "govid": "SIMER1JO30UJ", "type_value": "Ort", "type_nr": "39", "name": "Simmern", "last_german_name": "", "country": "D", "adm1": "adm_369070", "adm2": "", "adm3": "adm_137143", "adm4": "", "plz": "", "asciinames": "" }, "geometry": { "type": "Point", "coordinates": [ 7.674, 50.3889 ] } },
{ "type": "Feature", "properties": { "fid": 206566, "govid": "INSRAUJO30UI", "type_value": "Gemeindeteil", "type_nr": "158", "name": "Insel Oberau", "last_german_name": "", "country": "D", "adm1": "adm_369070", "adm2": "", "adm3": "object_263917", "adm4": "", "plz": "56133", "asciinames": "" }, "geometry": { "type": "Point", "coordinates": [ 7.674, 50.33491 ] } },
{ "type": "Feature", "properties": { "fid": 93230, "govid": "SCHAUS_W5421", "type_value": "Gemeindeteil", "type_nr": "158", "name": "Schleusenhaus", "last_german_name": "", "country": "D", "adm1": "adm_369070", "adm2": "", "adm3": "object_263917", "adm4": "", "plz": "56133", "asciinames": "" }, "geometry": { "type": "Point", "coordinates": [ 7.6747, 50.3358 ] } },
{ "type": "Feature", "properties": { "fid": 236749, "govid": "ARECHEJO30TI", "type_value": "Kirche", "type_nr": "26", "name": "Arenberg/Versöhnungskirche", "last_german_name": "", "country": "", "adm1": "", "adm2": "", "adm3": "", "adm4": "", "plz": "", "asciinames": "" }, "geometry": { "type": "Point", "coordinates": [ 7.6453, 50.3691 ] } },
{ "type": "Feature", "properties": { "fid": 125969, "govid": "object_162494", "type_value": "Kirche", "type_nr": "26", "name": "Engers/Christuskirche", "last_german_name": "", "country": "", "adm1": "", "adm2": "", "adm3": "", "adm4": "", "plz": "", "asciinames": "" }, "geometry": { "type": "Point", "coordinates": [ 7.5495, 50.4229 ] } },
{ "type": "Feature", "properties": { "fid": 49912, "govid": "KALERSJO30SK", "type_value": "Ortsgemeinde", "type_nr": "163", "name": "Kaltenengers", "last_german_name": "", "country": "D", "adm1": "adm_369070", "adm2": "", "adm3": "adm_137137", "adm4": "", "plz": "56220", "asciinames": "" }, "geometry": { "type": "Point", "coordinates": [ 7.55, 50.42 ] } },
{ "type": "Feature", "properties": { "fid": 66057, "govid": "MAIUST_W5401", "type_value": "Ort", "type_nr": "39", "name": "Mailust", "last_german_name": "", "country": "D", "adm1": "adm_369070", "adm2": "", "adm3": "object_320295", "adm4": "", "plz": "W5401", "asciinames": "" }, "geometry": { "type": "Point", "coordinates": [ 7.5503, 50.3872 ] } },
{ "type": "Feature", "properties": { "fid": 156810, "govid": "SANIANJO30SK", "type_value": "Ortsgemeinde", "type_nr": "163", "name": "Sankt Sebastian", "last_german_name": "", "country": "D", "adm1": "adm_369070", "adm2": "", "adm3": "adm_137137", "adm4": "", "plz": "56220", "asciinames": "" }, "geometry": { "type": "Point", "coordinates": [ 7.5629, 50.4115 ] } },
{ "type": "Feature", "properties": { "fid": 98263, "govid": "SEBIANJO30SK", "type_value": "Dorf", "type_nr": "55", "name": "Sankt Sebastian", "last_german_name": "", "country": "D", "adm1": "adm_369070", "adm2": "", "adm3": "adm_137137", "adm4": "", "plz": "56220", "asciinames": "" }, "geometry": { "type": "Point", "coordinates": [ 7.5629, 50.4115 ] } },
{ "type": "Feature", "properties": { "fid": 86226, "govid": "RAUTAL_W5400", "type_value": "Stadtteil", "type_nr": "54", "name": "Rauental", "last_german_name": "", "country": "D", "adm1": "adm_369070", "adm2": "", "adm3": "object_320295", "adm4": "", "plz": "W5400", "asciinames": "" }, "geometry": { "type": "Point", "coordinates": [ 7.5781, 50.36 ] } },
{ "type": "Feature", "properties": { "fid": 125967, "govid": "object_162492", "type_value": "Kirche", "type_nr": "26", "name": "Bendorf/Medarduskirche", "last_german_name": "", "country": "D", "adm1": "adm_369070", "adm2": "", "adm3": "adm_137137", "adm4": "BENORFJO30TK", "plz": "", "asciinames": "" }, "geometry": { "type": "Point", "coordinates": [ 7.5782, 50.4221 ] } },
{ "type": "Feature", "properties": { "fid": 125958, "govid": "object_162483", "type_value": "Kirche", "type_nr": "26", "name": "Koblenz/Florinskirche", "last_german_name": "", "country": "", "adm1": "", "adm2": "", "adm3": "", "adm4": "", "plz": "", "asciinames": "" }, "geometry": { "type": "Point", "coordinates": [ 7.5973, 50.362 ] } },
{ "type": "Feature", "properties": { "fid": 55128, "govid": "KOBENZJO30TI", "type_value": "Stadt", "type_nr": "51", "name": "Koblenz", "last_german_name": "", "country": "D", "adm1": "adm_369070", "adm2": "", "adm3": "object_320295", "adm4": "", "plz": "56068", "asciinames": "Coblence,Koblenz,Coblenz" }, "geometry": { "type": "Point", "coordinates": [ 7.5982, 50.3542 ] } },
{ "type": "Feature", "properties": { "fid": 125948, "govid": "object_162473", "type_value": "Kirche", "type_nr": "26", "name": "Pfaffendorf", "last_german_name": "", "country": "", "adm1": "", "adm2": "", "adm3": "", "adm4": "", "plz": "", "asciinames": "" }, "geometry": { "type": "Point", "coordinates": [ 7.6093, 50.3532 ] } },
{ "type": "Feature", "properties": { "fid": 125955, "govid": "object_162480", "type_value": "Kirche", "type_nr": "26", "name": "Vallendar/Lukaskirche", "last_german_name": "", "country": "", "adm1": "", "adm2": "", "adm3": "", "adm4": "", "plz": "", "asciinames": "" }, "geometry": { "type": "Point", "coordinates": [ 7.6113, 50.4011 ] } },
{ "type": "Feature", "properties": { "fid": 121275, "govid": "WUSHOF_W5411", "type_value": "Gemeindeteil", "type_nr": "158", "name": "Wüstenhof, Hof und Gaststätte", "last_german_name": "", "country": "D", "adm1": "adm_369070", "adm2": "", "adm3": "adm_137137", "adm4": "", "plz": "56191", "asciinames": "" }, "geometry": { "type": "Point", "coordinates": [ 7.6128, 50.4106 ] } },
{ "type": "Feature", "properties": { "fid": 75195, "govid": "NIERTHJO30TJ", "type_value": "Ortsgemeinde", "type_nr": "163", "name": "Niederwerth", "last_german_name": "", "country": "D", "adm1": "adm_369070", "adm2": "", "adm3": "adm_137137", "adm4": "", "plz": "56179", "asciinames": "" }, "geometry": { "type": "Point", "coordinates": [ 7.62, 50.4 ] } },
{ "type": "Feature", "properties": { "fid": 110962, "govid": "URBBARJO30TJ", "type_value": "Ortsgemeinde", "type_nr": "163", "name": "Urbar", "last_german_name": "", "country": "D", "adm1": "adm_369070", "adm2": "", "adm3": "adm_137137", "adm4": "", "plz": "56182", "asciinames": "" }, "geometry": { "type": "Point", "coordinates": [ 7.63, 50.38 ] } },
{ "type": "Feature", "properties": { "fid": 166692, "govid": "AMLEINJO30SJ", "type_value": "Ort", "type_nr": "39", "name": "Am langen Stein", "last_german_name": "", "country": "D", "adm1": "adm_369070", "adm2": "", "adm3": "object_320295", "adm4": "", "plz": "", "asciinames": "" }, "geometry": { "type": "Point", "coordinates": [ 7.5507, 50.393 ] } },
{ "type": "Feature", "properties": { "fid": 166707, "govid": "HAUTERJO30TI", "type_value": "Gebäude", "type_nr": "17", "name": "Haus Wester", "last_german_name": "", "country": "D", "adm1": "adm_369070", "adm2": "", "adm3": "object_320295", "adm4": "", "plz": "", "asciinames": "" }, "geometry": { "type": "Point", "coordinates": [ 7.6162, 50.369 ] } },
{ "type": "Feature", "properties": { "fid": 166710, "govid": "ZILHLEJO30SJ", "type_value": "Mühle", "type_nr": "87", "name": "Zilzemühle", "last_german_name": "", "country": "D", "adm1": "adm_369070", "adm2": "", "adm3": "object_320295", "adm4": "", "plz": "W5401", "asciinames": "" }, "geometry": { "type": "Point", "coordinates": [ 7.5415, 50.3755 ] } },
{ "type": "Feature", "properties": { "fid": 66179, "govid": "MALTAL_W5411", "type_value": "Gemeindeteil", "type_nr": "158", "name": "Mallendarer Bachtal", "last_german_name": "", "country": "D", "adm1": "adm_369070", "adm2": "", "adm3": "adm_137137", "adm4": "", "plz": "56182", "asciinames": "" }, "geometry": { "type": "Point", "coordinates": [ 7.644, 50.3792 ] } },
{ "type": "Feature", "properties": { "fid": 114260, "govid": "WANHOF_W5414", "type_value": "Gemeindeteil", "type_nr": "158", "name": "Wandhof", "last_german_name": "", "country": "D", "adm1": "adm_369070", "adm2": "", "adm3": "adm_137137", "adm4": "VALDARJO30TJ", "plz": "56179", "asciinames": "" }, "geometry": { "type": "Point", "coordinates": [ 7.64434, 50.41138 ] } },
{ "type": "Feature", "properties": { "fid": 106316, "govid": "TANHOF_W5414", "type_value": "Gemeindeteil", "type_nr": "158", "name": "Tannenhof", "last_german_name": "", "country": "D", "adm1": "adm_369070", "adm2": "", "adm3": "adm_137137", "adm4": "VALDARJO30TJ", "plz": "56179", "asciinames": "" }, "geometry": { "type": "Point", "coordinates": [ 7.6506, 50.4028 ] } },
{ "type": "Feature", "properties": { "fid": 47326, "govid": "IMMORF_W5411", "type_value": "Ortsgemeinde", "type_nr": "163", "name": "Immendorf", "last_german_name": "", "country": "", "adm1": "", "adm2": "", "adm3": "", "adm4": "", "plz": "56077", "asciinames": "" }, "geometry": { "type": "Point", "coordinates": [ 7.6583, 50.3736 ] } },
{ "type": "Feature", "properties": { "fid": 166684, "govid": "ELIHOFJO30TI", "type_value": "Forsthaus", "type_nr": "102", "name": "Elisenhof", "last_german_name": "", "country": "D", "adm1": "adm_369070", "adm2": "", "adm3": "object_320295", "adm4": "", "plz": "", "asciinames": "" }, "geometry": { "type": "Point", "coordinates": [ 7.6613, 50.3573 ] } },
{ "type": "Feature", "properties": { "fid": 99966, "govid": "SIMERNJO30UJ", "type_value": "Ortsgemeinde", "type_nr": "163", "name": "Simmern", "last_german_name": "", "country": "D", "adm1": "adm_369070", "adm2": "", "adm3": "adm_137143", "adm4": "", "plz": "56337", "asciinames": "" }, "geometry": { "type": "Point", "coordinates": [ 7.67, 50.38 ] } },
{ "type": "Feature", "properties": { "fid": 166685, "govid": "JAGHOFJO30TI", "type_value": "Gebäude", "type_nr": "17", "name": "Jagdhaus Elisenhof", "last_german_name": "", "country": "D", "adm1": "adm_369070", "adm2": "", "adm3": "object_320295", "adm4": "", "plz": "", "asciinames": "" }, "geometry": { "type": "Point", "coordinates": [ 7.6612, 50.3573 ] } },
{ "type": "Feature", "properties": { "fid": 166686, "govid": "MUHHOFJO30UI", "type_value": "Hof", "type_nr": "24", "name": "Mühlenbacher Hof", "last_german_name": "", "country": "D", "adm1": "adm_369070", "adm2": "", "adm3": "object_320295", "adm4": "", "plz": "", "asciinames": "" }, "geometry": { "type": "Point", "coordinates": [ 7.6784, 50.3537 ] } },
{ "type": "Feature", "properties": { "fid": 166687, "govid": "WALORFJO30UI", "type_value": "Hof", "type_nr": "24", "name": "Waldersdorf", "last_german_name": "", "country": "D", "adm1": "adm_369070", "adm2": "", "adm3": "object_320295", "adm4": "", "plz": "", "asciinames": "" }, "geometry": { "type": "Point", "coordinates": [ 7.6696, 50.354 ] } },
{ "type": "Feature", "properties": { "fid": 226779, "govid": "OBEDIGJO30PI", "type_value": "Gemeindeteil", "type_nr": "158", "name": "Obermendig", "last_german_name": "", "country": "D", "adm1": "adm_369070", "adm2": "", "adm3": "adm_137137", "adm4": "MENDIGJO30PI", "plz": "56743", "asciinames": "" }, "geometry": { "type": "Point", "coordinates": [ 7.2581, 50.3728 ] } },
{ "type": "Feature", "properties": { "fid": 223211, "govid": "object_1274026", "type_value": "Kirche", "type_nr": "26", "name": "Thür (St. Johannes)", "last_german_name": "", "country": "D", "adm1": "adm_369070", "adm2": "", "adm3": "adm_137137", "adm4": "", "plz": "", "asciinames": "" }, "geometry": { "type": "Point", "coordinates": [ 7.27517, 50.35764 ] } },
{ "type": "Feature", "properties": { "fid": 226776, "govid": "THUHU1JO30PI", "type_value": "Ortsteil", "type_nr": "40", "name": "Thür", "last_german_name": "", "country": "D", "adm1": "adm_369070", "adm2": "", "adm3": "adm_137137", "adm4": "", "plz": "", "asciinames": "" }, "geometry": { "type": "Point", "coordinates": [ 7.2752, 50.3573 ] } },
{ "type": "Feature", "properties": { "fid": 223209, "govid": "object_1274024", "type_value": "Kirche", "type_nr": "26", "name": "Mendig-Niedermendig (St. Cyriakus)", "last_german_name": "", "country": "", "adm1": "", "adm2": "", "adm3": "", "adm4": "", "plz": "", "asciinames": "" }, "geometry": { "type": "Point", "coordinates": [ 7.27588, 50.37155 ] } },
{ "type": "Feature", "properties": { "fid": 226737, "govid": "WASAC1JO30PK", "type_value": "Ortsteil", "type_nr": "40", "name": "Wassenach", "last_german_name": "", "country": "D", "adm1": "adm_369070", "adm2": "", "adm3": "adm_137131", "adm4": "", "plz": "56653", "asciinames": "" }, "geometry": { "type": "Point", "coordinates": [ 7.27978, 50.43395 ] } },
{ "type": "Feature", "properties": { "fid": 226778, "govid": "NIEDIGJO30PI", "type_value": "Gemeindeteil", "type_nr": "158", "name": "Niedermendig", "last_german_name": "", "country": "D", "adm1": "adm_369070", "adm2": "", "adm3": "adm_137137", "adm4": "MENDIGJO30PI", "plz": "", "asciinames": "" }, "geometry": { "type": "Point", "coordinates": [ 7.28, 50.3708 ] } },
{ "type": "Feature", "properties": { "fid": 223200, "govid": "object_1273984", "type_value": "Kirche", "type_nr": "26", "name": "Wassenach (St. Remigius)", "last_german_name": "", "country": "D", "adm1": "adm_369070", "adm2": "", "adm3": "adm_137131", "adm4": "", "plz": "", "asciinames": "" }, "geometry": { "type": "Point", "coordinates": [ 7.28065, 50.43324 ] } },
{ "type": "Feature", "properties": { "fid": 207213, "govid": "GEWDIGJO30PI", "type_value": "Gemeindeteil", "type_nr": "158", "name": "Gewerbepark Flugplatz Mendig", "last_german_name": "", "country": "", "adm1": "", "adm2": "", "adm3": "", "adm4": "", "plz": "56743", "asciinames": "" }, "geometry": { "type": "Point", "coordinates": [ 7.3097, 50.3638 ] } },
{ "type": "Feature", "properties": { "fid": 223717, "govid": "object_1275516", "type_value": "Kirche", "type_nr": "26", "name": "Nickenich (St. Arnulf)", "last_german_name": "", "country": "D", "adm1": "adm_369070", "adm2": "", "adm3": "adm_137137", "adm4": "", "plz": "", "asciinames": "" }, "geometry": { "type": "Point", "coordinates": [ 7.32672, 50.41435 ] } },
{ "type": "Feature", "properties": { "fid": 233319, "govid": "BAHHOFJO30QI", "type_value": "Wohnplatz", "type_nr": "129", "name": "Bahnerhof", "last_german_name": "", "country": "D", "adm1": "", "adm2": "", "adm3": "", "adm4": "", "plz": "", "asciinames": "" }, "geometry": { "type": "Point", "coordinates": [ 7.336, 50.362 ] } },
{ "type": "Feature", "properties": { "fid": 982, "govid": "ALSHOF_W5405", "type_value": "Ort", "type_nr": "39", "name": "Alsingerhof", "last_german_name": "", "country": "D", "adm1": "adm_369070", "adm2": "", "adm3": "adm_137137", "adm4": "", "plz": "56299", "asciinames": "" }, "geometry": { "type": "Point", "coordinates": [ 7.3406, 50.3464 ] } },
{ "type": "Feature", "properties": { "fid": 223718, "govid": "object_1275517", "type_value": "Kirche", "type_nr": "26", "name": "Kruft (St. Dionysius)", "last_german_name": "", "country": "D", "adm1": "adm_369070", "adm2": "", "adm3": "adm_137137", "adm4": "", "plz": "", "asciinames": "" }, "geometry": { "type": "Point", "coordinates": [ 7.33885, 50.38552 ] } },
{ "type": "Feature", "properties": { "fid": 223720, "govid": "object_1275523", "type_value": "Kirche", "type_nr": "26", "name": "Plaidt (St. Willibrord)", "last_german_name": "", "country": "D", "adm1": "adm_369070", "adm2": "", "adm3": "adm_137137", "adm4": "", "plz": "", "asciinames": "" }, "geometry": { "type": "Point", "coordinates": [ 7.39225, 50.39 ] } },
{ "type": "Feature", "properties": { "fid": 190098, "govid": "HACHLEJO30QK", "type_value": "Mühle", "type_nr": "87", "name": "Hackenmühle", "last_german_name": "", "country": "D", "adm1": "", "adm2": "", "adm3": "", "adm4": "", "plz": "", "asciinames": "" }, "geometry": { "type": "Point", "coordinates": [ 7.402, 50.4263 ] } },
{ "type": "Feature", "properties": { "fid": 223713, "govid": "object_1275509", "type_value": "Kirche", "type_nr": "26", "name": "Eich (Maria Geburt)", "last_german_name": "", "country": "D", "adm1": "adm_369070", "adm2": "", "adm3": "adm_137137", "adm4": "ANDACHJO30RK", "plz": "", "asciinames": "" }, "geometry": { "type": "Point", "coordinates": [ 7.35292, 50.4271 ] } },
{ "type": "Feature", "properties": { "fid": 226093, "govid": "KREETZJO30QJ", "type_value": "Dorf", "type_nr": "55", "name": "Kretz", "last_german_name": "", "country": "D", "adm1": "adm_369070", "adm2": "", "adm3": "adm_137137", "adm4": "", "plz": "", "asciinames": "" }, "geometry": { "type": "Point", "coordinates": [ 7.36667, 50.4 ] } },
{ "type": "Feature", "properties": { "fid": 226766, "govid": "object_1282405", "type_value": "Stadtteil", "type_nr": "54", "name": "Eich", "last_german_name": "", "country": "D", "adm1": "adm_369070", "adm2": "", "adm3": "adm_137137", "adm4": "ANDACHJO30RK", "plz": "", "asciinames": "" }, "geometry": { "type": "Point", "coordinates": [ 7.3524, 50.4278 ] } },
{ "type": "Feature", "properties": { "fid": 226771, "govid": "KRUUFTJO30PJ", "type_value": "Ortsteil", "type_nr": "40", "name": "Kruft", "last_german_name": "", "country": "D", "adm1": "adm_369070", "adm2": "", "adm3": "adm_137137", "adm4": "", "plz": "", "asciinames": "" }, "geometry": { "type": "Point", "coordinates": [ 7.33, 50.38 ] } },
{ "type": "Feature", "properties": { "fid": 226772, "govid": "NICICHJO30PK", "type_value": "Ortsteil", "type_nr": "40", "name": "Nickenich", "last_german_name": "", "country": "D", "adm1": "adm_369070", "adm2": "", "adm3": "adm_137137", "adm4": "", "plz": "", "asciinames": "" }, "geometry": { "type": "Point", "coordinates": [ 7.33, 50.42 ] } },
{ "type": "Feature", "properties": { "fid": 226773, "govid": "PLAID1JO30QJ", "type_value": "Ortsteil", "type_nr": "40", "name": "Plaidt", "last_german_name": "", "country": "D", "adm1": "adm_369070", "adm2": "", "adm3": "adm_137137", "adm4": "", "plz": "", "asciinames": "" }, "geometry": { "type": "Point", "coordinates": [ 7.387, 50.3935 ] } },
{ "type": "Feature", "properties": { "fid": 233317, "govid": "GEIHLEJO30QJ", "type_value": "Wohnplatz", "type_nr": "129", "name": "Geisenmühle", "last_german_name": "", "country": "D", "adm1": "", "adm2": "", "adm3": "", "adm4": "", "plz": "", "asciinames": "" }, "geometry": { "type": "Point", "coordinates": [ 7.352, 50.391 ] } },
{ "type": "Feature", "properties": { "fid": 233318, "govid": "MEUHLEJO30QJ", "type_value": "Wohnplatz", "type_nr": "129", "name": "Meurinsmühle", "last_german_name": "", "country": "D", "adm1": "", "adm2": "", "adm3": "", "adm4": "", "plz": "", "asciinames": "" }, "geometry": { "type": "Point", "coordinates": [ 7.352, 50.393 ] } },
{ "type": "Feature", "properties": { "fid": 233320, "govid": "DEGHLEJO30QJ", "type_value": "Wohnplatz", "type_nr": "129", "name": "Degensmühle", "last_german_name": "", "country": "D", "adm1": "", "adm2": "", "adm3": "", "adm4": "", "plz": "", "asciinames": "" }, "geometry": { "type": "Point", "coordinates": [ 7.343, 50.376 ] } },
{ "type": "Feature", "properties": { "fid": 233324, "govid": "NACHLEJO30QJ", "type_value": "Wohnplatz", "type_nr": "129", "name": "Nachtsheimsmühle", "last_german_name": "", "country": "D", "adm1": "", "adm2": "", "adm3": "", "adm4": "", "plz": "", "asciinames": "" }, "geometry": { "type": "Point", "coordinates": [ 7.379, 50.379 ] } },
{ "type": "Feature", "properties": { "fid": 233325, "govid": "NEUHLEJO30QJ", "type_value": "Wohnplatz", "type_nr": "129", "name": "Neumühle", "last_german_name": "", "country": "D", "adm1": "", "adm2": "", "adm3": "", "adm4": "", "plz": "", "asciinames": "" }, "geometry": { "type": "Point", "coordinates": [ 7.387, 50.384 ] } },
{ "type": "Feature", "properties": { "fid": 233326, "govid": "NOLHLEJO30QJ", "type_value": "Wohnplatz", "type_nr": "129", "name": "Noldensmühle", "last_german_name": "", "country": "D", "adm1": "", "adm2": "", "adm3": "", "adm4": "", "plz": "", "asciinames": "" }, "geometry": { "type": "Point", "coordinates": [ 7.395, 50.387 ] } },
{ "type": "Feature", "properties": { "fid": 233327, "govid": "PLAAUSJO30QJ", "type_value": "Wohnplatz", "type_nr": "129", "name": "Plaidterhaus", "last_german_name": "", "country": "D", "adm1": "", "adm2": "", "adm3": "", "adm4": "", "plz": "", "asciinames": "" }, "geometry": { "type": "Point", "coordinates": [ 7.397, 50.396 ] } },
{ "type": "Feature", "properties": { "fid": 233328, "govid": "POMHOFJO30QJ", "type_value": "Wohnplatz", "type_nr": "129", "name": "Pommerhof", "last_german_name": "", "country": "D", "adm1": "", "adm2": "", "adm3": "", "adm4": "", "plz": "", "asciinames": "" }, "geometry": { "type": "Point", "coordinates": [ 7.382, 50.394 ] } },
{ "type": "Feature", "properties": { "fid": 236752, "govid": "CHRCHEJO30QJ", "type_value": "Kirche", "type_nr": "26", "name": "Plaidt/Christuskirche", "last_german_name": "", "country": "", "adm1": "", "adm2": "", "adm3": "", "adm4": "", "plz": "", "asciinames": "" }, "geometry": { "type": "Point", "coordinates": [ 7.3898, 50.3942 ] } },
{ "type": "Feature", "properties": { "fid": 233345, "govid": "GENNENJO30PI", "type_value": "Wohnplatz", "type_nr": "129", "name": "Genovefabrunnen", "last_german_name": "", "country": "D", "adm1": "", "adm2": "", "adm3": "", "adm4": "", "plz": "", "asciinames": "" }, "geometry": { "type": "Point", "coordinates": [ 7.305, 50.357 ] } },
{ "type": "Feature", "properties": { "fid": 6515, "govid": "BERHOF_W5471", "type_value": "Ort", "type_nr": "39", "name": "Berghof", "last_german_name": "", "country": "D", "adm1": "adm_369070", "adm2": "", "adm3": "adm_137137", "adm4": "ANDACHJO30RK", "plz": "56626", "asciinames": "" }, "geometry": { "type": "Point", "coordinates": [ 7.2975, 50.4328 ] } },
{ "type": "Feature", "properties": { "fid": 236751, "govid": "NIEDIGJO30PJ", "type_value": "Kirche", "type_nr": "26", "name": "Niedermendig", "last_german_name": "", "country": "", "adm1": "", "adm2": "", "adm3": "", "adm4": "", "plz": "", "asciinames": "" }, "geometry": { "type": "Point", "coordinates": [ 7.2821, 50.3752 ] } },
{ "type": "Feature", "properties": { "fid": 226809, "govid": "OCHUN1JO30QI", "type_value": "Ortsteil", "type_nr": "40", "name": "Ochtendung", "last_german_name": "", "country": "D", "adm1": "adm_369070", "adm2": "", "adm3": "adm_137137", "adm4": "", "plz": "", "asciinames": "" }, "geometry": { "type": "Point", "coordinates": [ 7.38, 50.35 ] } },
{ "type": "Feature", "properties": { "fid": 223780, "govid": "object_1275742", "type_value": "Kirche", "type_nr": "26", "name": "Ochtendung (St. Martin)", "last_german_name": "", "country": "D", "adm1": "adm_369070", "adm2": "", "adm3": "adm_137137", "adm4": "", "plz": "", "asciinames": "" }, "geometry": { "type": "Point", "coordinates": [ 7.38999, 50.34865 ] } },
{ "type": "Feature", "properties": { "fid": 233378, "govid": "SCHHLEJO30QI", "type_value": "Ort", "type_nr": "39", "name": "Scheimerichsmühle", "last_german_name": "", "country": "D", "adm1": "", "adm2": "", "adm3": "", "adm4": "", "plz": "", "asciinames": "" }, "geometry": { "type": "Point", "coordinates": [ 7.372, 50.351 ] } },
{ "type": "Feature", "properties": { "fid": 25758, "govid": "FLOHLE_W5405", "type_value": "Ort", "type_nr": "39", "name": "Flöcksmühle", "last_german_name": "", "country": "D", "adm1": "adm_369070", "adm2": "", "adm3": "adm_137137", "adm4": "", "plz": "56299", "asciinames": "" }, "geometry": { "type": "Point", "coordinates": [ 7.3675, 50.3483 ] } },
{ "type": "Feature", "properties": { "fid": 78301, "govid": "OCHUNGJO30QI", "type_value": "Ortsgemeinde", "type_nr": "163", "name": "Ochtendung", "last_german_name": "", "country": "D", "adm1": "adm_369070", "adm2": "", "adm3": "adm_137137", "adm4": "", "plz": "56299", "asciinames": "" }, "geometry": { "type": "Point", "coordinates": [ 7.38, 50.35 ] } },
{ "type": "Feature", "properties": { "fid": 26451, "govid": "FRARCH_W5442", "type_value": "Gemeindeteil", "type_nr": "158", "name": "Fraukirch", "last_german_name": "", "country": "D", "adm1": "adm_369070", "adm2": "", "adm3": "adm_137137", "adm4": "", "plz": "56743", "asciinames": "Fraukirch,Fraukircherhof" }, "geometry": { "type": "Point", "coordinates": [ 7.31315, 50.35243 ] } },
{ "type": "Feature", "properties": { "fid": 56469, "govid": "KORHLE_W5471", "type_value": "Ort", "type_nr": "39", "name": "Korbsmühle", "last_german_name": "", "country": "D", "adm1": "adm_369070", "adm2": "", "adm3": "adm_137137", "adm4": "", "plz": "56630", "asciinames": "" }, "geometry": { "type": "Point", "coordinates": [ 7.3708, 50.3525 ] } },
{ "type": "Feature", "properties": { "fid": 56468, "govid": "KORHLE_W5405", "type_value": "Ort", "type_nr": "39", "name": "Korbsmühle", "last_german_name": "", "country": "D", "adm1": "adm_369070", "adm2": "", "adm3": "adm_137137", "adm4": "", "plz": "56299", "asciinames": "" }, "geometry": { "type": "Point", "coordinates": [ 7.3708, 50.3525 ] } },
{ "type": "Feature", "properties": { "fid": 86545, "govid": "REGNEN_W5442", "type_value": "Gemeindeteil", "type_nr": "158", "name": "Reginarisbrunnen", "last_german_name": "", "country": "D", "adm1": "adm_369070", "adm2": "", "adm3": "adm_137137", "adm4": "", "plz": "56743", "asciinames": "" }, "geometry": { "type": "Point", "coordinates": [ 7.3072, 50.3567 ] } },
{ "type": "Feature", "properties": { "fid": 94932, "govid": "SCHHLE_W5405", "type_value": "Ort", "type_nr": "39", "name": "Schleewiesenmühle", "last_german_name": "", "country": "D", "adm1": "adm_369070", "adm2": "", "adm3": "adm_137137", "adm4": "", "plz": "56299", "asciinames": "" }, "geometry": { "type": "Point", "coordinates": [ 7.3714, 50.3583 ] } },
{ "type": "Feature", "properties": { "fid": 26702, "govid": "FREHOF_W5405", "type_value": "Ort", "type_nr": "39", "name": "Fressenhof", "last_german_name": "", "country": "D", "adm1": "adm_369070", "adm2": "", "adm3": "adm_137137", "adm4": "", "plz": "56299", "asciinames": "" }, "geometry": { "type": "Point", "coordinates": [ 7.364, 50.3592 ] } },
{ "type": "Feature", "properties": { "fid": 41282, "govid": "HESHLE_W5405", "type_value": "Ort", "type_nr": "39", "name": "Heselermühle", "last_german_name": "", "country": "D", "adm1": "adm_369070", "adm2": "", "adm3": "adm_137137", "adm4": "", "plz": "56299", "asciinames": "Heselermühle,Haselermühle" }, "geometry": { "type": "Point", "coordinates": [ 7.3742, 50.3694 ] } },
{ "type": "Feature", "properties": { "fid": 51928, "govid": "KELHOF_W5472", "type_value": "Ort", "type_nr": "39", "name": "Keltershäuserhof", "last_german_name": "", "country": "D", "adm1": "adm_369070", "adm2": "", "adm3": "adm_137137", "adm4": "", "plz": "56637", "asciinames": "" }, "geometry": { "type": "Point", "coordinates": [ 7.3728, 50.3708 ] } },
{ "type": "Feature", "properties": { "fid": 61558, "govid": "LEIHLE_W5442", "type_value": "Gemeindeteil", "type_nr": "158", "name": "Leimbachsmühle", "last_german_name": "", "country": "", "adm1": "", "adm2": "", "adm3": "", "adm4": "", "plz": "56743", "asciinames": "" }, "geometry": { "type": "Point", "coordinates": [ 7.295, 50.3769 ] } },
{ "type": "Feature", "properties": { "fid": 58486, "govid": "KRUUFTJO30QJ", "type_value": "Ortsgemeinde", "type_nr": "163", "name": "Kruft", "last_german_name": "", "country": "D", "adm1": "adm_369070", "adm2": "", "adm3": "adm_137137", "adm4": "", "plz": "56642", "asciinames": "" }, "geometry": { "type": "Point", "coordinates": [ 7.33, 50.38 ] } },
{ "type": "Feature", "properties": { "fid": 82454, "govid": "PINHLE_W5473", "type_value": "Ort", "type_nr": "39", "name": "Pingersmühle", "last_german_name": "", "country": "D", "adm1": "adm_369070", "adm2": "", "adm3": "adm_137137", "adm4": "", "plz": "56642", "asciinames": "" }, "geometry": { "type": "Point", "coordinates": [ 7.3378, 50.38 ] } },
{ "type": "Feature", "properties": { "fid": 82691, "govid": "PLAIDTJO30QJ", "type_value": "Ortsgemeinde", "type_nr": "163", "name": "Plaidt", "last_german_name": "", "country": "D", "adm1": "adm_369070", "adm2": "", "adm3": "adm_137137", "adm4": "", "plz": "56637", "asciinames": "" }, "geometry": { "type": "Point", "coordinates": [ 7.387, 50.3935 ] } },
{ "type": "Feature", "properties": { "fid": 57515, "govid": "KREETZ_W5471", "type_value": "Ortsgemeinde", "type_nr": "163", "name": "Kretz", "last_german_name": "", "country": "D", "adm1": "adm_369070", "adm2": "", "adm3": "adm_137137", "adm4": "", "plz": "56630", "asciinames": "" }, "geometry": { "type": "Point", "coordinates": [ 7.36667, 50.4 ] } },
{ "type": "Feature", "properties": { "fid": 74288, "govid": "NICICHJO30QK", "type_value": "Ortsgemeinde", "type_nr": "163", "name": "Nickenich", "last_german_name": "", "country": "D", "adm1": "adm_369070", "adm2": "", "adm3": "adm_137137", "adm4": "", "plz": "56645", "asciinames": "" }, "geometry": { "type": "Point", "coordinates": [ 7.33, 50.42 ] } },
{ "type": "Feature", "properties": { "fid": 39996, "govid": "HEIULE_W5471", "type_value": "Ort", "type_nr": "39", "name": "Heimschule", "last_german_name": "", "country": "D", "adm1": "adm_369070", "adm2": "", "adm3": "adm_137137", "adm4": "", "plz": "56645", "asciinames": "" }, "geometry": { "type": "Point", "coordinates": [ 7.2958, 50.4247 ] } },
{ "type": "Feature", "properties": { "fid": 66764, "govid": "MARHOF_W5470", "type_value": "Ort", "type_nr": "39", "name": "Marienstätterhof", "last_german_name": "", "country": "D", "adm1": "adm_369070", "adm2": "", "adm3": "adm_137137", "adm4": "ANDACHJO30RK", "plz": "56626", "asciinames": "" }, "geometry": { "type": "Point", "coordinates": [ 7.3719, 50.4311 ] } },
{ "type": "Feature", "properties": { "fid": 107620, "govid": "THUHURJO30PI", "type_value": "Ortsgemeinde", "type_nr": "163", "name": "Thür", "last_german_name": "", "country": "D", "adm1": "adm_369070", "adm2": "", "adm3": "adm_137137", "adm4": "", "plz": "56743", "asciinames": "" }, "geometry": { "type": "Point", "coordinates": [ 7.28, 50.37 ] } },
{ "type": "Feature", "properties": { "fid": 74508, "govid": "NIEDIG_W5442", "type_value": "Gemeinde", "type_nr": "18", "name": "Niedermendig", "last_german_name": "", "country": "", "adm1": "", "adm2": "", "adm3": "", "adm4": "", "plz": "56743", "asciinames": "" }, "geometry": { "type": "Point", "coordinates": [ 7.28, 50.3708 ] } },
{ "type": "Feature", "properties": { "fid": 76670, "govid": "OBEDIG_W5441", "type_value": "Gemeinde", "type_nr": "18", "name": "Obermendig", "last_german_name": "", "country": "", "adm1": "", "adm2": "", "adm3": "", "adm4": "", "plz": "56743", "asciinames": "" }, "geometry": { "type": "Point", "coordinates": [ 7.2581, 50.3728 ] } },
{ "type": "Feature", "properties": { "fid": 59486, "govid": "LAAHLE_W5442", "type_value": "Gemeindeteil", "type_nr": "158", "name": "Laacher Mühle", "last_german_name": "", "country": "", "adm1": "", "adm2": "", "adm3": "", "adm4": "", "plz": "56743", "asciinames": "" }, "geometry": { "type": "Point", "coordinates": [ 7.2681, 50.389 ] } },
{ "type": "Feature", "properties": { "fid": 59475, "govid": "LAAAUS_W5442", "type_value": "Gemeindeteil", "type_nr": "158", "name": "Laacher-See-Haus, Jugendherberge", "last_german_name": "", "country": "", "adm1": "", "adm2": "", "adm3": "", "adm4": "", "plz": "56743", "asciinames": "" }, "geometry": { "type": "Point", "coordinates": [ 7.2647, 50.3914 ] } },
{ "type": "Feature", "properties": { "fid": 77672, "govid": "OBENXT_W5481", "type_value": "Gemeindeteil", "type_nr": "158", "name": "Obervinxt", "last_german_name": "", "country": "D", "adm1": "adm_369070", "adm2": "", "adm3": "adm_137131", "adm4": "", "plz": "53426", "asciinames": "" }, "geometry": { "type": "Point", "coordinates": [ 7.1269, 50.491 ] } },
{ "type": "Feature", "properties": { "fid": 162244, "govid": "AMFOPFJO30NL", "type_value": "Gemeindeteil", "type_nr": "158", "name": "Am Fuchskopf", "last_german_name": "", "country": "D", "adm1": "adm_369070", "adm2": "", "adm3": "adm_137131", "adm4": "", "plz": "56651", "asciinames": "" }, "geometry": { "type": "Point", "coordinates": [ 7.1223, 50.4607 ] } },
{ "type": "Feature", "properties": { "fid": 114834, "govid": "WATZEL_W5481", "type_value": "Gemeindeteil", "type_nr": "158", "name": "Watzel", "last_german_name": "", "country": "D", "adm1": "adm_369070", "adm2": "", "adm3": "adm_137131", "adm4": "", "plz": "53506", "asciinames": "" }, "geometry": { "type": "Point", "coordinates": [ 7.06093, 50.45687 ] } },
{ "type": "Feature", "properties": { "fid": 74378, "govid": "NIEACH_W5481", "type_value": "Gemeindeteil", "type_nr": "158", "name": "Niederheckenbach", "last_german_name": "", "country": "D", "adm1": "adm_369070", "adm2": "", "adm3": "adm_137131", "adm4": "", "plz": "53506", "asciinames": "" }, "geometry": { "type": "Point", "coordinates": [ 7.0653, 50.4656 ] } },
{ "type": "Feature", "properties": { "fid": 38772, "govid": "HECACH_W5481", "type_value": "Ortsgemeinde", "type_nr": "163", "name": "Heckenbach", "last_german_name": "", "country": "D", "adm1": "adm_369070", "adm2": "", "adm3": "adm_137131", "adm4": "", "plz": "53506", "asciinames": "" }, "geometry": { "type": "Point", "coordinates": [ 7.0654, 50.4649 ] } },
{ "type": "Feature", "properties": { "fid": 76415, "govid": "OBEACH_W5481", "type_value": "Gemeindeteil", "type_nr": "158", "name": "Oberheckenbach", "last_german_name": "", "country": "D", "adm1": "adm_369070", "adm2": "", "adm3": "adm_137131", "adm4": "", "plz": "53506", "asciinames": "" }, "geometry": { "type": "Point", "coordinates": [ 7.0742, 50.4597 ] } },
{ "type": "Feature", "properties": { "fid": 5658, "govid": "BEIEIN_W5481", "type_value": "Gemeindeteil", "type_nr": "158", "name": "Beilstein", "last_german_name": "", "country": "D", "adm1": "adm_369070", "adm2": "", "adm3": "adm_137131", "adm4": "", "plz": "53506", "asciinames": "" }, "geometry": { "type": "Point", "coordinates": [ 7.0822, 50.469 ] } },
{ "type": "Feature", "properties": { "fid": 26391, "govid": "FRANAU_W5481", "type_value": "Gemeindeteil", "type_nr": "158", "name": "Frankenau", "last_german_name": "", "country": "D", "adm1": "adm_369070", "adm2": "", "adm3": "adm_137131", "adm4": "", "plz": "53506", "asciinames": "" }, "geometry": { "type": "Point", "coordinates": [ 7.0922, 50.4634 ] } },
{ "type": "Feature", "properties": { "fid": 85593, "govid": "RAMACH_W5481", "type_value": "Ortsbezirk", "type_nr": "164", "name": "Ramersbach", "last_german_name": "", "country": "D", "adm1": "adm_369070", "adm2": "", "adm3": "adm_137131", "adm4": "object_293814", "plz": "53474", "asciinames": "" }, "geometry": { "type": "Point", "coordinates": [ 7.0964, 50.4889 ] } },
{ "type": "Feature", "properties": { "fid": 162060, "govid": "FORKELJO30NL", "type_value": "Forsthaus", "type_nr": "102", "name": "Waldwinkel", "last_german_name": "", "country": "D", "adm1": "adm_369070", "adm2": "", "adm3": "adm_137131", "adm4": "object_293814", "plz": "53474", "asciinames": "" }, "geometry": { "type": "Point", "coordinates": [ 7.0974, 50.4999 ] } },
{ "type": "Feature", "properties": { "fid": 8441, "govid": "BLALER_W5481", "type_value": "Gemeindeteil", "type_nr": "158", "name": "Blasweiler", "last_german_name": "", "country": "D", "adm1": "adm_369070", "adm2": "", "adm3": "adm_137131", "adm4": "", "plz": "53506", "asciinames": "" }, "geometry": { "type": "Point", "coordinates": [ 7.1033, 50.4717 ] } },
{ "type": "Feature", "properties": { "fid": 162206, "govid": "HAUARDJO30ML", "type_value": "Gemeindeteil", "type_nr": "158", "name": "Haus Sonnenhard", "last_german_name": "", "country": "D", "adm1": "adm_369070", "adm2": "", "adm3": "adm_137131", "adm4": "", "plz": "53506", "asciinames": "" }, "geometry": { "type": "Point", "coordinates": [ 7.0764, 50.4921 ] } },
{ "type": "Feature", "properties": { "fid": 223149, "govid": "object_1273878", "type_value": "Kirche", "type_nr": "26", "name": "Heckenbach (St. Pankratius u. Margarita)", "last_german_name": "", "country": "D", "adm1": "adm_369070", "adm2": "", "adm3": "adm_137131", "adm4": "", "plz": "", "asciinames": "" }, "geometry": { "type": "Point", "coordinates": [ 7.065245, 50.464941 ] } },
{ "type": "Feature", "properties": { "fid": 223159, "govid": "object_1273897", "type_value": "Kirche", "type_nr": "26", "name": "Ramersbach (St. Barbara)", "last_german_name": "", "country": "D", "adm1": "adm_369070", "adm2": "", "adm3": "adm_137131", "adm4": "object_293814", "plz": "", "asciinames": "" }, "geometry": { "type": "Point", "coordinates": [ 7.0953, 50.489 ] } },
{ "type": "Feature", "properties": { "fid": 226351, "govid": "RAMACHJO30NL", "type_value": "Dorf", "type_nr": "55", "name": "Ramersbach", "last_german_name": "", "country": "D", "adm1": "adm_369070", "adm2": "", "adm3": "adm_137131", "adm4": "object_293814", "plz": "", "asciinames": "" }, "geometry": { "type": "Point", "coordinates": [ 7.0964, 50.4889 ] } },
{ "type": "Feature", "properties": { "fid": 162062, "govid": "HUHACHJO30NM", "type_value": "Gemeindeteil", "type_nr": "158", "name": "Hühnerfarm Maibach", "last_german_name": "", "country": "D", "adm1": "adm_369070", "adm2": "", "adm3": "adm_137131", "adm4": "object_293814", "plz": "53474", "asciinames": "" }, "geometry": { "type": "Point", "coordinates": [ 7.0911, 50.5234 ] } },
{ "type": "Feature", "properties": { "fid": 162202, "govid": "STEHLEJO30MM", "type_value": "Gemeindeteil", "type_nr": "158", "name": "Steinbergsmühle", "last_german_name": "", "country": "D", "adm1": "adm_369070", "adm2": "", "adm3": "adm_137131", "adm4": "", "plz": "53507", "asciinames": "" }, "geometry": { "type": "Point", "coordinates": [ 7.0435, 50.5268 ] } },
{ "type": "Feature", "properties": { "fid": 162061, "govid": "GODERNJO30NM", "type_value": "Gemeindeteil", "type_nr": "158", "name": "Godeneltern", "last_german_name": "", "country": "D", "adm1": "adm_369070", "adm2": "", "adm3": "adm_137131", "adm4": "object_293814", "plz": "53474", "asciinames": "" }, "geometry": { "type": "Point", "coordinates": [ 7.0978, 50.5278 ] } },
{ "type": "Feature", "properties": { "fid": 226683, "govid": "WALEIMJO30MM", "type_value": "Stadtteil", "type_nr": "54", "name": "Walporzheim", "last_german_name": "", "country": "D", "adm1": "adm_369070", "adm2": "", "adm3": "adm_137131", "adm4": "object_293814", "plz": "53474", "asciinames": "" }, "geometry": { "type": "Point", "coordinates": [ 7.0818, 50.5319 ] } },
{ "type": "Feature", "properties": { "fid": 162057, "govid": "AMKUHLJO30MM", "type_value": "Gemeindeteil", "type_nr": "158", "name": "Am Kaiserstuhl", "last_german_name": "", "country": "D", "adm1": "adm_369070", "adm2": "", "adm3": "adm_137131", "adm4": "object_293814", "plz": "53474", "asciinames": "" }, "geometry": { "type": "Point", "coordinates": [ 7.0621, 50.5326 ] } },
{ "type": "Feature", "properties": { "fid": 162058, "govid": "BUNKUHJO30MM", "type_value": "Gemeindeteil", "type_nr": "158", "name": "Bunte Kuh", "last_german_name": "", "country": "D", "adm1": "adm_369070", "adm2": "", "adm3": "adm_137131", "adm4": "object_293814", "plz": "53474", "asciinames": "" }, "geometry": { "type": "Point", "coordinates": [ 7.0655, 50.5327 ] } },
{ "type": "Feature", "properties": { "fid": 226717, "govid": "DERNA1JO30MM", "type_value": "Ortsteil", "type_nr": "40", "name": "Dernau", "last_german_name": "", "country": "D", "adm1": "adm_369070", "adm2": "", "adm3": "adm_137131", "adm4": "", "plz": "", "asciinames": "" }, "geometry": { "type": "Point", "coordinates": [ 7.0416, 50.5331 ] } },
{ "type": "Feature", "properties": { "fid": 162063, "govid": "KLOERGJO30NM", "type_value": "Gemeindeteil", "type_nr": "158", "name": "Kloster Calvarienberg", "last_german_name": "", "country": "D", "adm1": "adm_369070", "adm2": "", "adm3": "adm_137131", "adm4": "object_293814", "plz": "53474", "asciinames": "Kloster Calvarienberg,Calvarienberg" }, "geometry": { "type": "Point", "coordinates": [ 7.0924, 50.5339 ] } },
{ "type": "Feature", "properties": { "fid": 223154, "govid": "object_1273883", "type_value": "Kirche", "type_nr": "26", "name": "Dernau (St. Johannes)", "last_german_name": "", "country": "D", "adm1": "adm_369070", "adm2": "", "adm3": "adm_137131", "adm4": "", "plz": "", "asciinames": "" }, "geometry": { "type": "Point", "coordinates": [ 7.04237, 50.53511 ] } },
{ "type": "Feature", "properties": { "fid": 162200, "govid": "MARHA1JO30MM", "type_value": "Gemeindeteil", "type_nr": "158", "name": "Marienthal", "last_german_name": "", "country": "D", "adm1": "adm_369070", "adm2": "", "adm3": "adm_137131", "adm4": "", "plz": "53507", "asciinames": "" }, "geometry": { "type": "Point", "coordinates": [ 7.0585, 50.536 ] } },
{ "type": "Feature", "properties": { "fid": 161249, "govid": "MARHALJO30MM", "type_value": "Stadtteil", "type_nr": "54", "name": "Marienthal", "last_german_name": "", "country": "D", "adm1": "adm_369070", "adm2": "", "adm3": "adm_137131", "adm4": "object_293814", "plz": "53474", "asciinames": "" }, "geometry": { "type": "Point", "coordinates": [ 7.0581, 50.5362 ] } },
{ "type": "Feature", "properties": { "fid": 162056, "govid": "ALTHOFJO30MM", "type_value": "Gemeindeteil", "type_nr": "158", "name": "Altenwegshof", "last_german_name": "", "country": "D", "adm1": "adm_369070", "adm2": "", "adm3": "adm_137131", "adm4": "object_293814", "plz": "53474", "asciinames": "" }, "geometry": { "type": "Point", "coordinates": [ 7.0734, 50.5369 ] } },
{ "type": "Feature", "properties": { "fid": 226719, "govid": "MAYOSSJO30MM", "type_value": "Ortsteil", "type_nr": "40", "name": "Mayschoß", "last_german_name": "", "country": "D", "adm1": "adm_369070", "adm2": "", "adm3": "adm_137131", "adm4": "", "plz": "", "asciinames": "" }, "geometry": { "type": "Point", "coordinates": [ 7.0187, 50.5223 ] } },
{ "type": "Feature", "properties": { "fid": 223155, "govid": "object_1273884", "type_value": "Kirche", "type_nr": "26", "name": "Mayschoß (St. Niklaus u. Rochus)", "last_german_name": "", "country": "D", "adm1": "adm_369070", "adm2": "", "adm3": "adm_137131", "adm4": "", "plz": "", "asciinames": "" }, "geometry": { "type": "Point", "coordinates": [ 7.02241, 50.52457 ] } },
{ "type": "Feature", "properties": { "fid": 162193, "govid": "BURHOFJO30LM", "type_value": "Gemeindeteil", "type_nr": "158", "name": "Burtscheiderhof", "last_german_name": "", "country": "D", "adm1": "adm_369070", "adm2": "", "adm3": "adm_137131", "adm4": "", "plz": "53505", "asciinames": "" }, "geometry": { "type": "Point", "coordinates": [ 6.9944, 50.5368 ] } },
{ "type": "Feature", "properties": { "fid": 162201, "govid": "IMHTALJO30MM", "type_value": "Gemeindeteil", "type_nr": "158", "name": "Im Hummeltal", "last_german_name": "", "country": "D", "adm1": "adm_369070", "adm2": "", "adm3": "adm_137131", "adm4": "", "plz": "53507", "asciinames": "" }, "geometry": { "type": "Point", "coordinates": [ 7.0341, 50.5384 ] } },
{ "type": "Feature", "properties": { "fid": 27579, "govid": "FROATH_W5481", "type_value": "Gemeindeteil", "type_nr": "158", "name": "Fronrath", "last_german_name": "", "country": "D", "adm1": "adm_369070", "adm2": "", "adm3": "adm_137131", "adm4": "", "plz": "53506", "asciinames": "" }, "geometry": { "type": "Point", "coordinates": [ 7.0447, 50.4551 ] } },
{ "type": "Feature", "properties": { "fid": 161467, "govid": "WEIACHJO30ML", "type_value": "Ortsteil", "type_nr": "40", "name": "Weidenbach", "last_german_name": "", "country": "D", "adm1": "adm_369070", "adm2": "", "adm3": "adm_137131", "adm4": "", "plz": "53506", "asciinames": "" }, "geometry": { "type": "Point", "coordinates": [ 7.0178, 50.456 ] } },
{ "type": "Feature", "properties": { "fid": 52258, "govid": "KESING_W5481", "type_value": "Ortsgemeinde", "type_nr": "163", "name": "Kesseling", "last_german_name": "", "country": "D", "adm1": "adm_369070", "adm2": "", "adm3": "adm_137131", "adm4": "", "plz": "53506", "asciinames": "" }, "geometry": { "type": "Point", "coordinates": [ 7.0248, 50.4814 ] } },
{ "type": "Feature", "properties": { "fid": 223150, "govid": "object_1273879", "type_value": "Kirche", "type_nr": "26", "name": "Kesseling (St. Petrus)", "last_german_name": "", "country": "D", "adm1": "adm_369070", "adm2": "", "adm3": "adm_137131", "adm4": "", "plz": "", "asciinames": "" }, "geometry": { "type": "Point", "coordinates": [ 7.02327, 50.48151 ] } },
{ "type": "Feature", "properties": { "fid": 289, "govid": "AHRUCKJO30LL", "type_value": "Ortsgemeinde", "type_nr": "163", "name": "Ahrbrück", "last_german_name": "", "country": "D", "adm1": "adm_369070", "adm2": "", "adm3": "adm_137131", "adm4": "", "plz": "53506", "asciinames": "Denn,Ahrbrück" }, "geometry": { "type": "Point", "coordinates": [ 6.9881, 50.48278 ] } },
{ "type": "Feature", "properties": { "fid": 102031, "govid": "STAFEL_W5481", "type_value": "Gemeindeteil", "type_nr": "158", "name": "Staffel", "last_german_name": "", "country": "D", "adm1": "adm_369070", "adm2": "", "adm3": "adm_137131", "adm4": "", "plz": "53506", "asciinames": "" }, "geometry": { "type": "Point", "coordinates": [ 7.0539, 50.4829 ] } },
{ "type": "Feature", "properties": { "fid": 162204, "govid": "STETTEJO30ML", "type_value": "Gemeindeteil", "type_nr": "158", "name": "Steinerberghaus", "last_german_name": "", "country": "D", "adm1": "adm_369070", "adm2": "", "adm3": "adm_137131", "adm4": "", "plz": "53506", "asciinames": "Steinerberghütte,Steinerberghaus" }, "geometry": { "type": "Point", "coordinates": [ 7.0171, 50.4961 ] } },
{ "type": "Feature", "properties": { "fid": 86318, "govid": "RECECH_W5481", "type_value": "Ortsgemeinde", "type_nr": "163", "name": "Rech", "last_german_name": "", "country": "D", "adm1": "adm_369070", "adm2": "", "adm3": "adm_137131", "adm4": "", "plz": "53506", "asciinames": "" }, "geometry": { "type": "Point", "coordinates": [ 7.0378, 50.5123 ] } },
{ "type": "Feature", "properties": { "fid": 226356, "govid": "RECECHJO30MM", "type_value": "Dorf", "type_nr": "55", "name": "Rech", "last_german_name": "", "country": "D", "adm1": "adm_369070", "adm2": "", "adm3": "adm_137131", "adm4": "", "plz": "", "asciinames": "" }, "geometry": { "type": "Point", "coordinates": [ 7.0378, 50.5123 ] } },
{ "type": "Feature", "properties": { "fid": 223153, "govid": "object_1273882", "type_value": "Kirche", "type_nr": "26", "name": "Rech (St. Luzia)", "last_german_name": "", "country": "D", "adm1": "adm_369070", "adm2": "", "adm3": "adm_137131", "adm4": "", "plz": "", "asciinames": "" }, "geometry": { "type": "Point", "coordinates": [ 7.03764, 50.5129 ] } },
{ "type": "Feature", "properties": { "fid": 162211, "govid": "LOCHLEJO30MM", "type_value": "Gemeindeteil", "type_nr": "158", "name": "Lochmühle", "last_german_name": "", "country": "D", "adm1": "adm_369070", "adm2": "", "adm3": "adm_137131", "adm4": "", "plz": "53508", "asciinames": "" }, "geometry": { "type": "Point", "coordinates": [ 7.0146, 50.5157 ] } },
{ "type": "Feature", "properties": { "fid": 223156, "govid": "object_1273885", "type_value": "Kirche", "type_nr": "26", "name": "Altenahr (Maria Verkündigung)", "last_german_name": "", "country": "D", "adm1": "adm_369070", "adm2": "", "adm3": "adm_137131", "adm4": "", "plz": "", "asciinames": "" }, "geometry": { "type": "Point", "coordinates": [ 6.99107, 50.51711 ] } },
{ "type": "Feature", "properties": { "fid": 162209, "govid": "BAHOSSJO30MM", "type_value": "Bahnhof", "type_nr": "118", "name": "Mayschoß", "last_german_name": "", "country": "D", "adm1": "adm_369070", "adm2": "", "adm3": "adm_137131", "adm4": "", "plz": "53508", "asciinames": "" }, "geometry": { "type": "Point", "coordinates": [ 7.0205, 50.5172 ] } },
{ "type": "Feature", "properties": { "fid": 183785, "govid": "ALTAH1JO30LM", "type_value": "Ort", "type_nr": "39", "name": "Altenahr", "last_german_name": "", "country": "D", "adm1": "adm_369070", "adm2": "", "adm3": "adm_137131", "adm4": "", "plz": "53505", "asciinames": "" }, "geometry": { "type": "Point", "coordinates": [ 6.9919, 50.5174 ] } },
{ "type": "Feature", "properties": { "fid": 59455, "govid": "LAAACH_W5481", "type_value": "Gemeindeteil", "type_nr": "158", "name": "Laach", "last_german_name": "", "country": "D", "adm1": "adm_369070", "adm2": "", "adm3": "adm_137131", "adm4": "", "plz": "53508", "asciinames": "" }, "geometry": { "type": "Point", "coordinates": [ 7.0104, 50.5179 ] } },
{ "type": "Feature", "properties": { "fid": 162210, "govid": "BERHOFJO30MM", "type_value": "Gemeindeteil", "type_nr": "158", "name": "Bergischer Hof", "last_german_name": "", "country": "D", "adm1": "adm_369070", "adm2": "", "adm3": "adm_137131", "adm4": "", "plz": "53508", "asciinames": "" }, "geometry": { "type": "Point", "coordinates": [ 7.0273, 50.5188 ] } },
{ "type": "Feature", "properties": { "fid": 87360, "govid": "REIVEN_W5481", "type_value": "Gemeindeteil", "type_nr": "158", "name": "Reimerzhoven", "last_german_name": "", "country": "D", "adm1": "adm_369070", "adm2": "", "adm3": "adm_137131", "adm4": "", "plz": "53505", "asciinames": "" }, "geometry": { "type": "Point", "coordinates": [ 7.0045, 50.5203 ] } },
{ "type": "Feature", "properties": { "fid": 162167, "govid": "NIKHOFJO30OM", "type_value": "Gemeindeteil", "type_nr": "158", "name": "Nikolaushof", "last_german_name": "", "country": "D", "adm1": "adm_369070", "adm2": "", "adm3": "adm_137131", "adm4": "SINZIGJO30PN", "plz": "53489", "asciinames": "" }, "geometry": { "type": "Point", "coordinates": [ 7.2228, 50.531 ] } },
{ "type": "Feature", "properties": { "fid": 162138, "govid": "HAURSTJO30OM", "type_value": "Gemeindeteil", "type_nr": "158", "name": "Haus Ahlenforst", "last_german_name": "", "country": "D", "adm1": "adm_369070", "adm2": "", "adm3": "adm_137131", "adm4": "SINZIGJO30PN", "plz": "53489", "asciinames": "" }, "geometry": { "type": "Point", "coordinates": [ 7.2004, 50.536 ] } },
{ "type": "Feature", "properties": { "fid": 223163, "govid": "object_1273901", "type_value": "Kirche", "type_nr": "26", "name": "Heimersheim (St. Mauritius)", "last_german_name": "", "country": "D", "adm1": "adm_369070", "adm2": "", "adm3": "adm_137131", "adm4": "object_293814", "plz": "", "asciinames": "" }, "geometry": { "type": "Point", "coordinates": [ 7.17576, 50.54329 ] } },
{ "type": "Feature", "properties": { "fid": 226678, "govid": "HEIEIMJO30ON", "type_value": "Stadtteil", "type_nr": "54", "name": "Heimersheim", "last_german_name": "", "country": "D", "adm1": "adm_369070", "adm2": "", "adm3": "adm_137131", "adm4": "object_293814", "plz": "53474", "asciinames": "" }, "geometry": { "type": "Point", "coordinates": [ 7.1761, 50.5433 ] } },
{ "type": "Feature", "properties": { "fid": 32486, "govid": "GREEEN_W5483", "type_value": "Gemeindeteil", "type_nr": "158", "name": "Green", "last_german_name": "", "country": "D", "adm1": "adm_369070", "adm2": "", "adm3": "adm_137131", "adm4": "object_293814", "plz": "53474", "asciinames": "" }, "geometry": { "type": "Point", "coordinates": [ 7.1847, 50.5444 ] } },
{ "type": "Feature", "properties": { "fid": 20584, "govid": "EHLGEN_W5483", "type_value": "Gemeindeteil", "type_nr": "158", "name": "Ehlingen", "last_german_name": "", "country": "D", "adm1": "adm_369070", "adm2": "", "adm3": "adm_137131", "adm4": "object_293814", "plz": "53474", "asciinames": "" }, "geometry": { "type": "Point", "coordinates": [ 7.1944, 50.5444 ] } },
{ "type": "Feature", "properties": { "fid": 226682, "govid": "LOHORFJO30ON", "type_value": "Stadtteil", "type_nr": "54", "name": "Lohrsdorf", "last_german_name": "", "country": "D", "adm1": "adm_369070", "adm2": "", "adm3": "adm_137131", "adm4": "object_293814", "plz": "", "asciinames": "" }, "geometry": { "type": "Point", "coordinates": [ 7.1862, 50.5512 ] } },
{ "type": "Feature", "properties": { "fid": 223185, "govid": "object_1273955", "type_value": "Kirche", "type_nr": "26", "name": "Bad Bodendorf (St. Sebastian)", "last_german_name": "", "country": "D", "adm1": "adm_369070", "adm2": "", "adm3": "adm_137131", "adm4": "SINZIGJO30PN", "plz": "", "asciinames": "" }, "geometry": { "type": "Point", "coordinates": [ 7.22055, 50.55889 ] } },
{ "type": "Feature", "properties": { "fid": 162066, "govid": "LANHO1JO30ON", "type_value": "Gemeindeteil", "type_nr": "158", "name": "Landgut Köhlerhof", "last_german_name": "", "country": "D", "adm1": "adm_369070", "adm2": "", "adm3": "adm_137131", "adm4": "object_293814", "plz": "53474", "asciinames": "" }, "geometry": { "type": "Point", "coordinates": [ 7.1897, 50.5643 ] } },
{ "type": "Feature", "properties": { "fid": 162064, "govid": "LANHOFJO30ON", "type_value": "Gemeindeteil", "type_nr": "158", "name": "Landgut Landskronerhof", "last_german_name": "", "country": "D", "adm1": "adm_369070", "adm2": "", "adm3": "adm_137131", "adm4": "object_293814", "plz": "53474", "asciinames": "" }, "geometry": { "type": "Point", "coordinates": [ 7.1803, 50.5645 ] } },
{ "type": "Feature", "properties": { "fid": 162104, "govid": "BUSHOFJO30ON", "type_value": "Gemeindeteil", "type_nr": "158", "name": "Büschmarhof", "last_german_name": "", "country": "D", "adm1": "adm_369070", "adm2": "", "adm3": "adm_137131", "adm4": "REMGENJO30OO", "plz": "53424", "asciinames": "" }, "geometry": { "type": "Point", "coordinates": [ 7.2212, 50.567 ] } },
{ "type": "Feature", "properties": { "fid": 162113, "govid": "HUBHOFJO30ON", "type_value": "Gemeindeteil", "type_nr": "158", "name": "Hubertushof", "last_german_name": "", "country": "D", "adm1": "adm_369070", "adm2": "", "adm3": "adm_137131", "adm4": "REMGENJO30OO", "plz": "53424", "asciinames": "" }, "geometry": { "type": "Point", "coordinates": [ 7.2204, 50.5688 ] } },
{ "type": "Feature", "properties": { "fid": 162105, "govid": "FORSCHJO30ON", "type_value": "Forsthaus", "type_nr": "102", "name": "Erlenbusch", "last_german_name": "", "country": "D", "adm1": "adm_369070", "adm2": "", "adm3": "adm_137131", "adm4": "REMGENJO30OO", "plz": "53424", "asciinames": "" }, "geometry": { "type": "Point", "coordinates": [ 7.2064, 50.5696 ] } },
{ "type": "Feature", "properties": { "fid": 162108, "govid": "FROHOFJO30ON", "type_value": "Gemeindeteil", "type_nr": "158", "name": "Frohnhof", "last_german_name": "", "country": "D", "adm1": "adm_369070", "adm2": "", "adm3": "adm_137131", "adm4": "REMGENJO30OO", "plz": "53424", "asciinames": "" }, "geometry": { "type": "Point", "coordinates": [ 7.2182, 50.5701 ] } },
{ "type": "Feature", "properties": { "fid": 162115, "govid": "LUTHOFJO30ON", "type_value": "Gemeindeteil", "type_nr": "158", "name": "Lützelbachhof", "last_german_name": "", "country": "D", "adm1": "adm_369070", "adm2": "", "adm3": "adm_137131", "adm4": "REMGENJO30OO", "plz": "53424", "asciinames": "" }, "geometry": { "type": "Point", "coordinates": [ 7.2238, 50.5709 ] } },
{ "type": "Feature", "properties": { "fid": 162114, "govid": "KAPHOFJO30ON", "type_value": "Gemeindeteil", "type_nr": "158", "name": "Kapellenhof", "last_german_name": "", "country": "D", "adm1": "adm_369070", "adm2": "", "adm3": "adm_137131", "adm4": "REMGENJO30OO", "plz": "53424", "asciinames": "" }, "geometry": { "type": "Point", "coordinates": [ 7.2168, 50.572 ] } },
{ "type": "Feature", "properties": { "fid": 162103, "govid": "AUFORNJO30ON", "type_value": "Gemeindeteil", "type_nr": "158", "name": "Auf Plattborn", "last_german_name": "", "country": "D", "adm1": "adm_369070", "adm2": "", "adm3": "adm_137131", "adm4": "REMGENJO30OO", "plz": "53424", "asciinames": "" }, "geometry": { "type": "Point", "coordinates": [ 7.1931, 50.5733 ] } },
{ "type": "Feature", "properties": { "fid": 162120, "govid": "WALHENJO30ON", "type_value": "Gemeindeteil", "type_nr": "158", "name": "Waldschlößchen", "last_german_name": "", "country": "D", "adm1": "adm_369070", "adm2": "", "adm3": "adm_137131", "adm4": "REMGENJO30OO", "plz": "53424", "asciinames": "" }, "geometry": { "type": "Point", "coordinates": [ 7.2105, 50.5811 ] } },
{ "type": "Feature", "properties": { "fid": 14547, "govid": "CALUTH_W5480", "type_value": "Gemeindeteil", "type_nr": "158", "name": "Calmuth", "last_german_name": "", "country": "D", "adm1": "adm_369070", "adm2": "", "adm3": "adm_137131", "adm4": "REMGENJO30OO", "plz": "53424", "asciinames": "" }, "geometry": { "type": "Point", "coordinates": [ 7.1917, 50.584 ] } },
{ "type": "Feature", "properties": { "fid": 162119, "govid": "SCHELSJO30OO", "type_value": "Schloss", "type_nr": "111", "name": "Marienfels", "last_german_name": "", "country": "D", "adm1": "adm_369070", "adm2": "", "adm3": "adm_137131", "adm4": "REMGENJO30OO", "plz": "53424", "asciinames": "" }, "geometry": { "type": "Point", "coordinates": [ 7.2101, 50.5885 ] } },
{ "type": "Feature", "properties": { "fid": 162110, "govid": "HERERGJO30OO", "type_value": "Gemeindeteil", "type_nr": "158", "name": "Herresberg", "last_german_name": "", "country": "D", "adm1": "adm_369070", "adm2": "", "adm3": "adm_137131", "adm4": "REMGENJO30OO", "plz": "53424", "asciinames": "" }, "geometry": { "type": "Point", "coordinates": [ 7.2022, 50.5912 ] } },
{ "type": "Feature", "properties": { "fid": 162109, "govid": "HAUICHJO30OO", "type_value": "Gemeindeteil", "type_nr": "158", "name": "Haus Ernich", "last_german_name": "", "country": "D", "adm1": "adm_369070", "adm2": "", "adm3": "adm_137131", "adm4": "REMGENJO30OO", "plz": "53424", "asciinames": "" }, "geometry": { "type": "Point", "coordinates": [ 7.2037, 50.5957 ] } },
{ "type": "Feature", "properties": { "fid": 209077, "govid": "STPEONJO30OO", "type_value": "Kirche", "type_nr": "26", "name": "St. Pantaleon", "last_german_name": "", "country": "D", "adm1": "adm_369070", "adm2": "", "adm3": "adm_137138", "adm4": "UNKKELJO30OO", "plz": "", "asciinames": "" }, "geometry": { "type": "Point", "coordinates": [ 7.2137, 50.5981 ] } },
{ "type": "Feature", "properties": { "fid": 162117, "govid": "UNKHLEJO30OO", "type_value": "Gemeindeteil", "type_nr": "158", "name": "Unkelbrückermühle", "last_german_name": "", "country": "D", "adm1": "adm_369070", "adm2": "", "adm3": "adm_137131", "adm4": "REMGENJO30OO", "plz": "53424", "asciinames": "" }, "geometry": { "type": "Point", "coordinates": [ 7.2056, 50.5983 ] } },
{ "type": "Feature", "properties": { "fid": 187844, "govid": "UNKKE1JO30OO", "type_value": "Stadt", "type_nr": "51", "name": "Unkel", "last_german_name": "", "country": "D", "adm1": "adm_369070", "adm2": "", "adm3": "adm_137138", "adm4": "UNKKELJO30OO", "plz": "", "asciinames": "" }, "geometry": { "type": "Point", "coordinates": [ 7.22, 50.6 ] } },
{ "type": "Feature", "properties": { "fid": 223181, "govid": "object_1273945", "type_value": "Kirche", "type_nr": "26", "name": "Unkelbach (St. Remigius)", "last_german_name": "", "country": "D", "adm1": "adm_369070", "adm2": "", "adm3": "adm_137131", "adm4": "REMGENJO30OO", "plz": "", "asciinames": "" }, "geometry": { "type": "Point", "coordinates": [ 7.18863, 50.60157 ] } },
{ "type": "Feature", "properties": { "fid": 109713, "govid": "UNKACH_W5481", "type_value": "Ortsbezirk", "type_nr": "164", "name": "Unkelbach", "last_german_name": "", "country": "D", "adm1": "adm_369070", "adm2": "", "adm3": "adm_137131", "adm4": "REMGENJO30OO", "plz": "53424", "asciinames": "" }, "geometry": { "type": "Point", "coordinates": [ 7.1881, 50.6017 ] } },
{ "type": "Feature", "properties": { "fid": 162102, "govid": "SCHHLEJO30OO", "type_value": "Gemeindeteil", "type_nr": "158", "name": "Schmelzmühle", "last_german_name": "", "country": "D", "adm1": "adm_369070", "adm2": "", "adm3": "adm_137131", "adm4": "REMGENJO30OO", "plz": "53424", "asciinames": "" }, "geometry": { "type": "Point", "coordinates": [ 7.2003, 50.6036 ] } },
{ "type": "Feature", "properties": { "fid": 4407, "govid": "BANORF_W5481", "type_value": "Gemeindeteil", "type_nr": "158", "name": "Bandorf", "last_german_name": "", "country": "D", "adm1": "adm_369070", "adm2": "", "adm3": "adm_137131", "adm4": "REMGENJO30OO", "plz": "53424", "asciinames": "" }, "geometry": { "type": "Point", "coordinates": [ 7.1989, 50.6081 ] } },
{ "type": "Feature", "properties": { "fid": 226747, "govid": "BADORFJO30ON", "type_value": "Ortsteil", "type_nr": "40", "name": "Bad Bodendorf", "last_german_name": "", "country": "D", "adm1": "adm_369070", "adm2": "", "adm3": "adm_137131", "adm4": "SINZIGJO30PN", "plz": "", "asciinames": "Bad Bodendorf,Bodendorf" }, "geometry": { "type": "Point", "coordinates": [ 7.22, 50.557 ] } },
{ "type": "Feature", "properties": { "fid": 227005, "govid": "SCHRENJO30OO", "type_value": "Ortsteil", "type_nr": "40", "name": "Scheuren", "last_german_name": "", "country": "D", "adm1": "adm_369070", "adm2": "", "adm3": "adm_137138", "adm4": "UNKKELJO30OO", "plz": "", "asciinames": "" }, "geometry": { "type": "Point", "coordinates": [ 7.2236, 50.6078 ] } },
{ "type": "Feature", "properties": { "fid": 237172, "govid": "UNKKE2JO30OO", "type_value": "Kirche", "type_nr": "26", "name": "Unkel", "last_german_name": "", "country": "", "adm1": "", "adm2": "", "adm3": "", "adm4": "", "plz": "", "asciinames": "" }, "geometry": { "type": "Point", "coordinates": [ 7.2168, 50.6038 ] } },
{ "type": "Feature", "properties": { "fid": 162159, "govid": "HARHLEJO30PM", "type_value": "Gemeindeteil", "type_nr": "158", "name": "Harbachsmühle", "last_german_name": "", "country": "D", "adm1": "adm_369070", "adm2": "", "adm3": "adm_137131", "adm4": "SINZIGJO30PN", "plz": "53489", "asciinames": "" }, "geometry": { "type": "Point", "coordinates": [ 7.2507, 50.5315 ] } },
{ "type": "Feature", "properties": { "fid": 162217, "govid": "WEILERJO30PM", "type_value": "Gemeindeteil", "type_nr": "158", "name": "Weiler", "last_german_name": "", "country": "D", "adm1": "adm_369070", "adm2": "", "adm3": "adm_137131", "adm4": "BRESIGJO30PM", "plz": "53498", "asciinames": "" }, "geometry": { "type": "Point", "coordinates": [ 7.2671, 50.535 ] } },
{ "type": "Feature", "properties": { "fid": 162213, "govid": "GLARIKJO30PM", "type_value": "Gemeindeteil", "type_nr": "158", "name": "Glasfabrik", "last_german_name": "", "country": "D", "adm1": "adm_369070", "adm2": "", "adm3": "adm_137131", "adm4": "BRESIGJO30PM", "plz": "53498", "asciinames": "" }, "geometry": { "type": "Point", "coordinates": [ 7.2722, 50.5352 ] } },
{ "type": "Feature", "properties": { "fid": 223187, "govid": "object_1273957", "type_value": "Kirche", "type_nr": "26", "name": "Sinzig-Westum (St. Peter)", "last_german_name": "", "country": "D", "adm1": "adm_369070", "adm2": "", "adm3": "adm_137131", "adm4": "SINZIGJO30PN", "plz": "", "asciinames": "" }, "geometry": { "type": "Point", "coordinates": [ 7.23024, 50.53748 ] } },
{ "type": "Feature", "properties": { "fid": 162214, "govid": "HAUOHRJO30PM", "type_value": "Gemeindeteil", "type_nr": "158", "name": "Haus Mohr", "last_german_name": "", "country": "D", "adm1": "adm_369070", "adm2": "", "adm3": "adm_137131", "adm4": "BRESIGJO30PM", "plz": "53498", "asciinames": "" }, "geometry": { "type": "Point", "coordinates": [ 7.2713, 50.5396 ] } },
{ "type": "Feature", "properties": { "fid": 223186, "govid": "object_1273956", "type_value": "Kirche", "type_nr": "26", "name": "Sinzig (St. Peter)", "last_german_name": "", "country": "D", "adm1": "adm_369070", "adm2": "", "adm3": "adm_137131", "adm4": "SINZIGJO30PN", "plz": "", "asciinames": "" }, "geometry": { "type": "Point", "coordinates": [ 7.25276, 50.54521 ] } },
{ "type": "Feature", "properties": { "fid": 162163, "govid": "IMBRGEJO30ON", "type_value": "Gemeindeteil", "type_nr": "158", "name": "Im Berge", "last_german_name": "", "country": "D", "adm1": "adm_369070", "adm2": "", "adm3": "adm_137131", "adm4": "SINZIGJO30PN", "plz": "53489", "asciinames": "" }, "geometry": { "type": "Point", "coordinates": [ 7.2294, 50.5476 ] } },
{ "type": "Feature", "properties": { "fid": 162165, "govid": "SCHHLEJO30ON", "type_value": "Gemeindeteil", "type_nr": "158", "name": "Schmitz Mühle", "last_german_name": "", "country": "D", "adm1": "adm_369070", "adm2": "", "adm3": "adm_137131", "adm4": "SINZIGJO30PN", "plz": "53489", "asciinames": "" }, "geometry": { "type": "Point", "coordinates": [ 7.2475, 50.5539 ] } },
{ "type": "Feature", "properties": { "fid": 162158, "govid": "GODAUSJO30PN", "type_value": "Gemeindeteil", "type_nr": "158", "name": "Godenhaus", "last_german_name": "", "country": "D", "adm1": "adm_369070", "adm2": "", "adm3": "adm_137131", "adm4": "SINZIGJO30PN", "plz": "53489", "asciinames": "" }, "geometry": { "type": "Point", "coordinates": [ 7.253, 50.5555 ] } },
{ "type": "Feature", "properties": { "fid": 223183, "govid": "object_1273947", "type_value": "Kirche", "type_nr": "26", "name": "Remagen-Kripp (St. Johannes Nepomuk)", "last_german_name": "", "country": "D", "adm1": "adm_369070", "adm2": "", "adm3": "adm_137131", "adm4": "REMGENJO30OO", "plz": "", "asciinames": "" }, "geometry": { "type": "Point", "coordinates": [ 7.26957, 50.55951 ] } },
{ "type": "Feature", "properties": { "fid": 162160, "govid": "HAUERGJO30ON", "type_value": "Gemeindeteil", "type_nr": "158", "name": "Haus Schwalbenberg", "last_german_name": "", "country": "D", "adm1": "adm_369070", "adm2": "", "adm3": "adm_137131", "adm4": "SINZIGJO30PN", "plz": "53489", "asciinames": "" }, "geometry": { "type": "Point", "coordinates": [ 7.2416, 50.56 ] } },
{ "type": "Feature", "properties": { "fid": 162116, "govid": "OBETALJO30ON", "type_value": "Gemeindeteil", "type_nr": "158", "name": "Oberstental", "last_german_name": "", "country": "D", "adm1": "adm_369070", "adm2": "", "adm3": "adm_137131", "adm4": "REMGENJO30OO", "plz": "53424", "asciinames": "" }, "geometry": { "type": "Point", "coordinates": [ 7.235, 50.5615 ] } },
{ "type": "Feature", "properties": { "fid": 162111, "govid": "HOTURGJO30ON", "type_value": "Gemeindeteil", "type_nr": "158", "name": "Hotel Waldburg", "last_german_name": "", "country": "D", "adm1": "adm_369070", "adm2": "", "adm3": "adm_137131", "adm4": "REMGENJO30OO", "plz": "53424", "asciinames": "" }, "geometry": { "type": "Point", "coordinates": [ 7.2274, 50.5665 ] } },
{ "type": "Feature", "properties": { "fid": 226620, "govid": "SINZIGJO30ON", "type_value": "Ort", "type_nr": "39", "name": "Sinzig", "last_german_name": "", "country": "D", "adm1": "adm_369070", "adm2": "", "adm3": "adm_137131", "adm4": "SINZIGJO30PN", "plz": "53489", "asciinames": "" }, "geometry": { "type": "Point", "coordinates": [ 7.2495, 50.5444 ] } },
{ "type": "Feature", "properties": { "fid": 226744, "govid": "KRIIPPJO30PN", "type_value": "Ortsteil", "type_nr": "40", "name": "Kripp", "last_german_name": "", "country": "D", "adm1": "adm_369070", "adm2": "", "adm3": "adm_137131", "adm4": "REMGENJO30OO", "plz": "", "asciinames": "" }, "geometry": { "type": "Point", "coordinates": [ 7.2667, 50.5622 ] } },
{ "type": "Feature", "properties": { "fid": 226748, "govid": "KOIORFJO30OM", "type_value": "Ortsteil", "type_nr": "40", "name": "Koisdorf", "last_german_name": "", "country": "D", "adm1": "adm_369070", "adm2": "", "adm3": "adm_137131", "adm4": "SINZIGJO30PN", "plz": "", "asciinames": "" }, "geometry": { "type": "Point", "coordinates": [ 7.2423, 50.5301 ] } },
{ "type": "Feature", "properties": { "fid": 226750, "govid": "WESTUMJO30OM", "type_value": "Ortsteil", "type_nr": "40", "name": "Westum", "last_german_name": "", "country": "D", "adm1": "adm_369070", "adm2": "", "adm3": "adm_137131", "adm4": "SINZIGJO30PN", "plz": "", "asciinames": "" }, "geometry": { "type": "Point", "coordinates": [ 7.2295, 50.5376 ] } },
{ "type": "Feature", "properties": { "fid": 227000, "govid": "object_1282876", "type_value": "Ort", "type_nr": "39", "name": "Linzhausen", "last_german_name": "", "country": "D", "adm1": "adm_369070", "adm2": "", "adm3": "adm_137138", "adm4": "LINEINJO30PN", "plz": "53545", "asciinames": "" }, "geometry": { "type": "Point", "coordinates": [ 7.2737, 50.5706 ] } },
{ "type": "Feature", "properties": { "fid": 236755, "govid": "SINCHEJO30PN", "type_value": "Kirche", "type_nr": "26", "name": "Sinzig/Adventskirche", "last_german_name": "", "country": "", "adm1": "", "adm2": "", "adm3": "", "adm4": "", "plz": "", "asciinames": "" }, "geometry": { "type": "Point", "coordinates": [ 7.2534, 50.5474 ] } },
{ "type": "Feature", "properties": { "fid": 236756, "govid": "KRIRUMJO30PN", "type_value": "Kirche", "type_nr": "26", "name": "Kripp/Martin-Luther-Zentrum", "last_german_name": "", "country": "", "adm1": "", "adm2": "", "adm3": "", "adm4": "", "plz": "", "asciinames": "" }, "geometry": { "type": "Point", "coordinates": [ 7.2643, 50.5624 ] } },
{ "type": "Feature", "properties": { "fid": 223162, "govid": "object_1273900", "type_value": "Kirche", "type_nr": "26", "name": "Bad Neuenahr-Ahrweiler (St. Willibrord)", "last_german_name": "", "country": "D", "adm1": "adm_369070", "adm2": "", "adm3": "adm_137131", "adm4": "object_293814", "plz": "", "asciinames": "" }, "geometry": { "type": "Point", "coordinates": [ 7.13816, 50.53902 ] } },
{ "type": "Feature", "properties": { "fid": 226675, "govid": "BEUUELJO30NM", "type_value": "Ortsteil", "type_nr": "40", "name": "Beuel", "last_german_name": "", "country": "D", "adm1": "adm_369070", "adm2": "", "adm3": "adm_137131", "adm4": "object_293814", "plz": "", "asciinames": "" }, "geometry": { "type": "Point", "coordinates": [ 7.13657, 50.54112 ] } },
{ "type": "Feature", "properties": { "fid": 125963, "govid": "object_162488", "type_value": "Kirche", "type_nr": "26", "name": "Bad Neuenahr/Martin-Lutherkirche", "last_german_name": "", "country": "", "adm1": "", "adm2": "", "adm3": "", "adm4": "", "plz": "", "asciinames": "" }, "geometry": { "type": "Point", "coordinates": [ 7.1368, 50.5432 ] } },
{ "type": "Feature", "properties": { "fid": 173582, "govid": "WADEIMJO30NN", "type_value": "Ortsteil", "type_nr": "40", "name": "Wadenheim", "last_german_name": "", "country": "D", "adm1": "adm_369070", "adm2": "", "adm3": "adm_137131", "adm4": "object_293814", "plz": "", "asciinames": "" }, "geometry": { "type": "Point", "coordinates": [ 7.1398, 50.5461 ] } },
{ "type": "Feature", "properties": { "fid": 162065, "govid": "APONENJO30NN", "type_value": "Gemeindeteil", "type_nr": "158", "name": "Apollinarisbrunnen", "last_german_name": "", "country": "D", "adm1": "adm_369070", "adm2": "", "adm3": "adm_137131", "adm4": "object_293814", "plz": "53474", "asciinames": "" }, "geometry": { "type": "Point", "coordinates": [ 7.1486, 50.5499 ] } },
{ "type": "Feature", "properties": { "fid": 223164, "govid": "object_1273902", "type_value": "Kirche", "type_nr": "26", "name": "Heppingen (St. Martin)", "last_german_name": "", "country": "D", "adm1": "adm_369070", "adm2": "", "adm3": "adm_137131", "adm4": "object_293814", "plz": "", "asciinames": "" }, "geometry": { "type": "Point", "coordinates": [ 7.1633, 50.55052 ] } },
{ "type": "Feature", "properties": { "fid": 223165, "govid": "object_1273903", "type_value": "Kirche", "type_nr": "26", "name": "Kirchdaun (St. Lambertus)", "last_german_name": "", "country": "D", "adm1": "adm_369070", "adm2": "", "adm3": "adm_137131", "adm4": "object_293814", "plz": "", "asciinames": "" }, "geometry": { "type": "Point", "coordinates": [ 7.16626, 50.57179 ] } },
{ "type": "Feature", "properties": { "fid": 162175, "govid": "RISHLEJO30NN", "type_value": "Gemeindeteil", "type_nr": "158", "name": "Rischmühle", "last_german_name": "", "country": "D", "adm1": "adm_369070", "adm2": "", "adm3": "adm_137131", "adm4": "GRAAFTJO30MO", "plz": "53501", "asciinames": "" }, "geometry": { "type": "Point", "coordinates": [ 7.1592, 50.5721 ] } },
{ "type": "Feature", "properties": { "fid": 226677, "govid": "GIMGENJO30NN", "type_value": "Ortsteil", "type_nr": "40", "name": "Gimmigen", "last_german_name": "", "country": "D", "adm1": "adm_369070", "adm2": "", "adm3": "adm_137131", "adm4": "object_293814", "plz": "", "asciinames": "" }, "geometry": { "type": "Point", "coordinates": [ 7.1664, 50.5579 ] } },
{ "type": "Feature", "properties": { "fid": 226680, "govid": "HEPGENJO30NN", "type_value": "Stadtteil", "type_nr": "54", "name": "Heppingen", "last_german_name": "", "country": "D", "adm1": "adm_369070", "adm2": "", "adm3": "adm_137131", "adm4": "object_293814", "plz": "", "asciinames": "" }, "geometry": { "type": "Point", "coordinates": [ 7.1636, 50.5506 ] } },
{ "type": "Feature", "properties": { "fid": 226681, "govid": "KIRAUNJO30ON", "type_value": "Stadtteil", "type_nr": "54", "name": "Kirchdaun", "last_german_name": "", "country": "D", "adm1": "adm_369070", "adm2": "", "adm3": "adm_137131", "adm4": "object_293814", "plz": "", "asciinames": "" }, "geometry": { "type": "Point", "coordinates": [ 7.1675, 50.5703 ] } },
{ "type": "Feature", "properties": { "fid": 125962, "govid": "object_162487", "type_value": "Kirche", "type_nr": "26", "name": "Remagen/Friedenskirche", "last_german_name": "", "country": "", "adm1": "", "adm2": "", "adm3": "", "adm4": "", "plz": "", "asciinames": "" }, "geometry": { "type": "Point", "coordinates": [ 7.234, 50.5774 ] } },
{ "type": "Feature", "properties": { "fid": 223182, "govid": "object_1273946", "type_value": "Kirche", "type_nr": "26", "name": "Remagen (St. Peter u. Paul)", "last_german_name": "", "country": "D", "adm1": "adm_369070", "adm2": "", "adm3": "adm_137131", "adm4": "REMGENJO30OO", "plz": "", "asciinames": "" }, "geometry": { "type": "Point", "coordinates": [ 7.22668, 50.57954 ] } },
{ "type": "Feature", "properties": { "fid": 74377, "govid": "NIEACH_W5461", "type_value": "Ortsteil", "type_nr": "40", "name": "Niederkasbach", "last_german_name": "", "country": "D", "adm1": "adm_369070", "adm2": "", "adm3": "adm_137138", "adm4": "", "plz": "53547", "asciinames": "" }, "geometry": { "type": "Point", "coordinates": [ 7.2561, 50.5802 ] } },
{ "type": "Feature", "properties": { "fid": 209075, "govid": "STSNUSJO30ON", "type_value": "Kirche", "type_nr": "26", "name": "St. Severinus", "last_german_name": "", "country": "D", "adm1": "adm_369070", "adm2": "", "adm3": "adm_137138", "adm4": "", "plz": "", "asciinames": "" }, "geometry": { "type": "Point", "coordinates": [ 7.2377, 50.5823 ] } },
{ "type": "Feature", "properties": { "fid": 76414, "govid": "OBEACH_W5461", "type_value": "Ortsteil", "type_nr": "40", "name": "Oberkasbach", "last_german_name": "", "country": "D", "adm1": "adm_369070", "adm2": "", "adm3": "adm_137138", "adm4": "", "plz": "53547", "asciinames": "" }, "geometry": { "type": "Point", "coordinates": [ 7.263, 50.5825 ] } },
{ "type": "Feature", "properties": { "fid": 23318, "govid": "ERPPELJO30OO", "type_value": "Ortsgemeinde", "type_nr": "163", "name": "Erpel", "last_german_name": "", "country": "D", "adm1": "adm_369070", "adm2": "", "adm3": "adm_137138", "adm4": "", "plz": "53579", "asciinames": "" }, "geometry": { "type": "Point", "coordinates": [ 7.2363, 50.5857 ] } },
{ "type": "Feature", "properties": { "fid": 223677, "govid": "object_1275435", "type_value": "Kirche", "type_nr": "26", "name": "Ohlenberg (St. Nikolaus)", "last_german_name": "", "country": "D", "adm1": "adm_369070", "adm2": "", "adm3": "adm_137138", "adm4": "", "plz": "", "asciinames": "" }, "geometry": { "type": "Point", "coordinates": [ 7.28109, 50.58842 ] } },
{ "type": "Feature", "properties": { "fid": 105200, "govid": "STUOHE_W5463", "type_value": "Ort", "type_nr": "39", "name": "Stuxhöhe", "last_german_name": "", "country": "D", "adm1": "adm_369070", "adm2": "", "adm3": "adm_137138", "adm4": "UNKKELJO30OO", "plz": "53572", "asciinames": "" }, "geometry": { "type": "Point", "coordinates": [ 7.2267, 50.5981 ] } },
{ "type": "Feature", "properties": { "fid": 12614, "govid": "BRUSEN_W5461", "type_value": "Ortsgemeinde", "type_nr": "163", "name": "Bruchhausen", "last_german_name": "", "country": "D", "adm1": "adm_369070", "adm2": "", "adm3": "adm_137138", "adm4": "", "plz": "53572", "asciinames": "" }, "geometry": { "type": "Point", "coordinates": [ 7.25, 50.6 ] } },
{ "type": "Feature", "properties": { "fid": 209074, "govid": "STJISTJO30PO", "type_value": "Kirche", "type_nr": "26", "name": "St. Johannes Baptist", "last_german_name": "", "country": "D", "adm1": "adm_369070", "adm2": "", "adm3": "adm_137138", "adm4": "", "plz": "", "asciinames": "" }, "geometry": { "type": "Point", "coordinates": [ 7.2539, 50.6014 ] } },
{ "type": "Feature", "properties": { "fid": 35325, "govid": "HAAHOF_W5461", "type_value": "Ort", "type_nr": "39", "name": "Haanhof", "last_german_name": "", "country": "D", "adm1": "adm_369070", "adm2": "", "adm3": "adm_137138", "adm4": "UNKKELJO30OO", "plz": "53572", "asciinames": "" }, "geometry": { "type": "Point", "coordinates": [ 7.24, 50.605 ] } },
{ "type": "Feature", "properties": { "fid": 43652, "govid": "HOHKEL_W5461", "type_value": "Ort", "type_nr": "39", "name": "Hohenunkel", "last_german_name": "", "country": "D", "adm1": "adm_369070", "adm2": "", "adm3": "adm_137138", "adm4": "UNKKELJO30OO", "plz": "53572", "asciinames": "" }, "geometry": { "type": "Point", "coordinates": [ 7.2344, 50.607 ] } },
{ "type": "Feature", "properties": { "fid": 209076, "govid": "STMENAJO30OO", "type_value": "Kirche", "type_nr": "26", "name": "St. Maria Magdalena", "last_german_name": "", "country": "D", "adm1": "adm_369070", "adm2": "", "adm3": "adm_137138", "adm4": "", "plz": "", "asciinames": "" }, "geometry": { "type": "Point", "coordinates": [ 7.2298, 50.6173 ] } },
{ "type": "Feature", "properties": { "fid": 35786, "govid": "HAGHOFJO30OO", "type_value": "Ort", "type_nr": "39", "name": "Hagerhof", "last_german_name": "", "country": "D", "adm1": "adm_369070", "adm2": "", "adm3": "adm_135382", "adm4": "HONNEFJO30OP", "plz": "", "asciinames": "" }, "geometry": { "type": "Point", "coordinates": [ 7.23, 50.62 ] } },
{ "type": "Feature", "properties": { "fid": 68096, "govid": "MENERGJO30PO", "type_value": "Ort", "type_nr": "39", "name": "Menzenberg", "last_german_name": "", "country": "D", "adm1": "adm_369070", "adm2": "", "adm3": "adm_135382", "adm4": "HONNEFJO30OP", "plz": "53604", "asciinames": "" }, "geometry": { "type": "Point", "coordinates": [ 7.25, 50.62 ] } },
{ "type": "Feature", "properties": { "fid": 87869, "govid": "RHEACHJO30OO", "type_value": "Ortsgemeinde", "type_nr": "163", "name": "Rheinbreitbach", "last_german_name": "", "country": "D", "adm1": "adm_369070", "adm2": "", "adm3": "adm_137138", "adm4": "", "plz": "53619", "asciinames": "" }, "geometry": { "type": "Point", "coordinates": [ 7.23, 50.62 ] } },
{ "type": "Feature", "properties": { "fid": 225719, "govid": "BRUSENJO30PO", "type_value": "Dorf", "type_nr": "55", "name": "Bruchhausen", "last_german_name": "", "country": "D", "adm1": "adm_369070", "adm2": "", "adm3": "adm_137138", "adm4": "", "plz": "", "asciinames": "" }, "geometry": { "type": "Point", "coordinates": [ 7.25, 50.6 ] } },
{ "type": "Feature", "properties": { "fid": 226745, "govid": "REMGENJO30ON", "type_value": "Stadtteil", "type_nr": "54", "name": "Remagen", "last_german_name": "", "country": "D", "adm1": "adm_369070", "adm2": "", "adm3": "adm_137131", "adm4": "REMGENJO30OO", "plz": "", "asciinames": "" }, "geometry": { "type": "Point", "coordinates": [ 7.2343, 50.5775 ] } },
{ "type": "Feature", "properties": { "fid": 227004, "govid": "RHEAC1JO30OO", "type_value": "Ortsteil", "type_nr": "40", "name": "Rheinbreitbach", "last_german_name": "", "country": "D", "adm1": "adm_369070", "adm2": "", "adm3": "adm_137138", "adm4": "", "plz": "", "asciinames": "" }, "geometry": { "type": "Point", "coordinates": [ 7.23, 50.62 ] } },
{ "type": "Feature", "properties": { "fid": 227006, "govid": "ORSERGJO30OO", "type_value": "Ortsteil", "type_nr": "40", "name": "Orsberg", "last_german_name": "", "country": "D", "adm1": "adm_369070", "adm2": "", "adm3": "adm_137138", "adm4": "", "plz": "", "asciinames": "" }, "geometry": { "type": "Point", "coordinates": [ 7.2425, 50.5914 ] } },
{ "type": "Feature", "properties": { "fid": 227007, "govid": "HEITERJO30OO", "type_value": "Stadtteil", "type_nr": "54", "name": "Heister", "last_german_name": "", "country": "D", "adm1": "adm_369070", "adm2": "", "adm3": "adm_137138", "adm4": "UNKKELJO30OO", "plz": "", "asciinames": "" }, "geometry": { "type": "Point", "coordinates": [ 7.2253, 50.5908 ] } },
{ "type": "Feature", "properties": { "fid": 233316, "govid": "KOLHLEJO30PO", "type_value": "Ort", "type_nr": "39", "name": "Kolligermühle", "last_german_name": "", "country": "D", "adm1": "", "adm2": "", "adm3": "", "adm4": "", "plz": "", "asciinames": "Colligermühle,Kolligermühle" }, "geometry": { "type": "Point", "coordinates": [ 7.251, 50.621 ] } },
{ "type": "Feature", "properties": { "fid": 237171, "govid": "RHERUMJO30OO", "type_value": "Kirche", "type_nr": "26", "name": "Rheinbreitbach/Gemeindezentrum", "last_german_name": "", "country": "", "adm1": "", "adm2": "", "adm3": "", "adm4": "", "plz": "", "asciinames": "" }, "geometry": { "type": "Point", "coordinates": [ 7.2272, 50.6195 ] } },
{ "type": "Feature", "properties": { "fid": 75114, "govid": "NIEORF_W5481", "type_value": "Ortsbezirk", "type_nr": "164", "name": "Nierendorf", "last_german_name": "", "country": "D", "adm1": "adm_369070", "adm2": "", "adm3": "adm_137131", "adm4": "GRAAFTJO30MO", "plz": "53501", "asciinames": "" }, "geometry": { "type": "Point", "coordinates": [ 7.1491, 50.5801 ] } },
{ "type": "Feature", "properties": { "fid": 226263, "govid": "NIEORFJO30NN", "type_value": "Dorf", "type_nr": "55", "name": "Nierendorf", "last_german_name": "", "country": "D", "adm1": "adm_369070", "adm2": "", "adm3": "adm_137131", "adm4": "GRAAFTJO30MO", "plz": "", "asciinames": "" }, "geometry": { "type": "Point", "coordinates": [ 7.1491, 50.5801 ] } },
{ "type": "Feature", "properties": { "fid": 162176, "govid": "HERHOFJO30NO", "type_value": "Gemeindeteil", "type_nr": "158", "name": "Herrensteiner Mathildenhof", "last_german_name": "", "country": "D", "adm1": "adm_369070", "adm2": "", "adm3": "adm_137131", "adm4": "GRAAFTJO30MO", "plz": "53501", "asciinames": "" }, "geometry": { "type": "Point", "coordinates": [ 7.1596, 50.5883 ] } },
{ "type": "Feature", "properties": { "fid": 8083, "govid": "BIRORF_W5483", "type_value": "Ortsbezirk", "type_nr": "164", "name": "Birresdorf", "last_german_name": "", "country": "D", "adm1": "adm_369070", "adm2": "", "adm3": "adm_137131", "adm4": "GRAAFTJO30MO", "plz": "53501", "asciinames": "" }, "geometry": { "type": "Point", "coordinates": [ 7.1418, 50.5919 ] } },
{ "type": "Feature", "properties": { "fid": 225685, "govid": "BIRORFJO30NO", "type_value": "Dorf", "type_nr": "55", "name": "Birresdorf", "last_german_name": "", "country": "D", "adm1": "adm_369070", "adm2": "", "adm3": "adm_137131", "adm4": "GRAAFTJO30MO", "plz": "", "asciinames": "" }, "geometry": { "type": "Point", "coordinates": [ 7.1418, 50.5919 ] } },
{ "type": "Feature", "properties": { "fid": 162168, "govid": "BENHOFJO30NO", "type_value": "Gemeindeteil", "type_nr": "158", "name": "Bentgerhof", "last_german_name": "", "country": "D", "adm1": "adm_369070", "adm2": "", "adm3": "adm_137131", "adm4": "GRAAFTJO30MO", "plz": "53501", "asciinames": "" }, "geometry": { "type": "Point", "coordinates": [ 7.1595, 50.5951 ] } },
{ "type": "Feature", "properties": { "fid": 162169, "govid": "PAUHOFJO30NO", "type_value": "Gemeindeteil", "type_nr": "158", "name": "Paulshof", "last_german_name": "", "country": "D", "adm1": "adm_369070", "adm2": "", "adm3": "adm_137131", "adm4": "GRAAFTJO30MO", "plz": "53501", "asciinames": "" }, "geometry": { "type": "Point", "coordinates": [ 7.1434, 50.5994 ] } },
{ "type": "Feature", "properties": { "fid": 93279, "govid": "SCHBENJO30NO", "type_value": "Weiler", "type_nr": "69", "name": "Schießgraben", "last_german_name": "", "country": "", "adm1": "", "adm2": "", "adm3": "", "adm4": "", "plz": "", "asciinames": "" }, "geometry": { "type": "Point", "coordinates": [ 7.15, 50.6 ] } },
{ "type": "Feature", "properties": { "fid": 78425, "govid": "OEDGEN_W5481", "type_value": "Ortsbezirk", "type_nr": "164", "name": "Oedingen", "last_german_name": "", "country": "D", "adm1": "adm_369070", "adm2": "", "adm3": "adm_137131", "adm4": "REMGENJO30OO", "plz": "53424", "asciinames": "" }, "geometry": { "type": "Point", "coordinates": [ 7.1558, 50.6067 ] } },
{ "type": "Feature", "properties": { "fid": 223179, "govid": "object_1273943", "type_value": "Kirche", "type_nr": "26", "name": "Oedingen (St. Gertrud)", "last_german_name": "", "country": "D", "adm1": "adm_369070", "adm2": "", "adm3": "adm_137131", "adm4": "REMGENJO30OO", "plz": "", "asciinames": "" }, "geometry": { "type": "Point", "coordinates": [ 7.15781, 50.6074 ] } },
{ "type": "Feature", "properties": { "fid": 122994, "govid": "ZULVENJO30NO", "type_value": "Ortsteil", "type_nr": "40", "name": "Züllighoven", "last_german_name": "", "country": "", "adm1": "", "adm2": "", "adm3": "", "adm4": "", "plz": "", "asciinames": "" }, "geometry": { "type": "Point", "coordinates": [ 7.1555, 50.6195 ] } },
{ "type": "Feature", "properties": { "fid": 17250, "govid": "DIEKERJO30NO", "type_value": "Weiler", "type_nr": "69", "name": "Dienacker", "last_german_name": "", "country": "", "adm1": "", "adm2": "", "adm3": "", "adm4": "", "plz": "53343", "asciinames": "" }, "geometry": { "type": "Point", "coordinates": [ 7.15, 50.62 ] } },
{ "type": "Feature", "properties": { "fid": 125956, "govid": "object_162481", "type_value": "Kirche", "type_nr": "26", "name": "Oberwinter", "last_german_name": "", "country": "D", "adm1": "adm_369070", "adm2": "", "adm3": "adm_137131", "adm4": "REMGENJO30OO", "plz": "", "asciinames": "" }, "geometry": { "type": "Point", "coordinates": [ 7.2079, 50.6157 ] } },
{ "type": "Feature", "properties": { "fid": 78064, "govid": "OBETER_W5486", "type_value": "Ortsbezirk", "type_nr": "164", "name": "Oberwinter", "last_german_name": "", "country": "D", "adm1": "adm_369070", "adm2": "", "adm3": "adm_137131", "adm4": "REMGENJO30OO", "plz": "53424", "asciinames": "" }, "geometry": { "type": "Point", "coordinates": [ 7.2067, 50.6158 ] } },
{ "type": "Feature", "properties": { "fid": 223180, "govid": "object_1273944", "type_value": "Kirche", "type_nr": "26", "name": "Oberwinter (St. Laurentius)", "last_german_name": "", "country": "D", "adm1": "adm_369070", "adm2": "", "adm3": "adm_137131", "adm4": "REMGENJO30OO", "plz": "", "asciinames": "" }, "geometry": { "type": "Point", "coordinates": [ 7.20794, 50.61622 ] } },
{ "type": "Feature", "properties": { "fid": 40836, "govid": "HERHOFJO30OO", "type_value": "Hof", "type_nr": "24", "name": "Hermann-Wilhelm-Hof", "last_german_name": "", "country": "", "adm1": "", "adm2": "", "adm3": "", "adm4": "", "plz": "", "asciinames": "" }, "geometry": { "type": "Point", "coordinates": [ 7.17, 50.62 ] } },
{ "type": "Feature", "properties": { "fid": 44366, "govid": "HOLHOFJO30OO", "type_value": "Hof", "type_nr": "24", "name": "Holzvolder Hof", "last_german_name": "", "country": "", "adm1": "", "adm2": "", "adm3": "", "adm4": "", "plz": "", "asciinames": "" }, "geometry": { "type": "Point", "coordinates": [ 7.17, 50.62 ] } },
{ "type": "Feature", "properties": { "fid": 223823, "govid": "object_1275825", "type_value": "Kirche", "type_nr": "26", "name": "Pommern (St. Stephanus)", "last_german_name": "", "country": "D", "adm1": "adm_369070", "adm2": "", "adm3": "adm_137135", "adm4": "", "plz": "", "asciinames": "" }, "geometry": { "type": "Point", "coordinates": [ 7.27288, 50.16942 ] } },
{ "type": "Feature", "properties": { "fid": 226344, "govid": "POMERNJO30PE", "type_value": "Dorf", "type_nr": "55", "name": "Pommern", "last_german_name": "", "country": "D", "adm1": "adm_369070", "adm2": "", "adm3": "adm_137135", "adm4": "", "plz": "", "asciinames": "" }, "geometry": { "type": "Point", "coordinates": [ 7.27373, 50.16994 ] } },
{ "type": "Feature", "properties": { "fid": 223824, "govid": "object_1275826", "type_value": "Kirche", "type_nr": "26", "name": "Treis-Karden (St. Johannes der Täufer)", "last_german_name": "", "country": "D", "adm1": "adm_369070", "adm2": "", "adm3": "adm_137135", "adm4": "", "plz": "", "asciinames": "" }, "geometry": { "type": "Point", "coordinates": [ 7.30296, 50.17297 ] } },
{ "type": "Feature", "properties": { "fid": 225713, "govid": "BRIDENJO30PE", "type_value": "Dorf", "type_nr": "55", "name": "Brieden", "last_german_name": "", "country": "D", "adm1": "adm_369070", "adm2": "", "adm3": "adm_137135", "adm4": "", "plz": "", "asciinames": "" }, "geometry": { "type": "Point", "coordinates": [ 7.26667, 50.1833 ] } },
{ "type": "Feature", "properties": { "fid": 223822, "govid": "object_1275824", "type_value": "Kirche", "type_nr": "26", "name": "Kail (St. Bartholomäus)", "last_german_name": "", "country": "D", "adm1": "adm_369070", "adm2": "", "adm3": "adm_137135", "adm4": "", "plz": "", "asciinames": "" }, "geometry": { "type": "Point", "coordinates": [ 7.24567, 50.18361 ] } },
{ "type": "Feature", "properties": { "fid": 223821, "govid": "object_1275823", "type_value": "Kirche", "type_nr": "26", "name": "Treis-Karden (St. Kastor)", "last_german_name": "", "country": "D", "adm1": "adm_369070", "adm2": "", "adm3": "adm_137135", "adm4": "", "plz": "", "asciinames": "" }, "geometry": { "type": "Point", "coordinates": [ 7.30128, 50.18363 ] } },
{ "type": "Feature", "properties": { "fid": 225680, "govid": "BINGENJO30PE", "type_value": "Dorf", "type_nr": "55", "name": "Binningen", "last_german_name": "", "country": "D", "adm1": "adm_369070", "adm2": "", "adm3": "adm_137135", "adm4": "", "plz": "", "asciinames": "" }, "geometry": { "type": "Point", "coordinates": [ 7.25, 50.2 ] } },
{ "type": "Feature", "properties": { "fid": 223818, "govid": "object_1275809", "type_value": "Kirche", "type_nr": "26", "name": "Forst (St. Castor)", "last_german_name": "", "country": "D", "adm1": "adm_369070", "adm2": "", "adm3": "adm_137135", "adm4": "", "plz": "", "asciinames": "" }, "geometry": { "type": "Point", "coordinates": [ 7.2504, 50.21733 ] } },
{ "type": "Feature", "properties": { "fid": 225717, "govid": "BROOHLJO30PF", "type_value": "Dorf", "type_nr": "55", "name": "Brohl", "last_german_name": "", "country": "D", "adm1": "adm_369070", "adm2": "", "adm3": "adm_137135", "adm4": "", "plz": "", "asciinames": "" }, "geometry": { "type": "Point", "coordinates": [ 7.28333, 50.2167 ] } },
{ "type": "Feature", "properties": { "fid": 226205, "govid": "MONICHJO30PF", "type_value": "Dorf", "type_nr": "55", "name": "Möntenich", "last_german_name": "", "country": "D", "adm1": "adm_369070", "adm2": "", "adm3": "adm_137135", "adm4": "", "plz": "", "asciinames": "" }, "geometry": { "type": "Point", "coordinates": [ 7.3, 50.2167 ] } },
{ "type": "Feature", "properties": { "fid": 223805, "govid": "object_1275785", "type_value": "Kirche", "type_nr": "26", "name": "Pillig (St. Firminus)", "last_german_name": "", "country": "D", "adm1": "adm_369070", "adm2": "", "adm3": "adm_137137", "adm4": "", "plz": "", "asciinames": "" }, "geometry": { "type": "Point", "coordinates": [ 7.3114, 50.23933 ] } },
{ "type": "Feature", "properties": { "fid": 226228, "govid": "NAUEIMJO30PG", "type_value": "Dorf", "type_nr": "55", "name": "Naunheim", "last_german_name": "", "country": "D", "adm1": "adm_369070", "adm2": "", "adm3": "adm_137137", "adm4": "", "plz": "", "asciinames": "" }, "geometry": { "type": "Point", "coordinates": [ 7.31667, 50.25 ] } },
{ "type": "Feature", "properties": { "fid": 223803, "govid": "object_1275783", "type_value": "Kirche", "type_nr": "26", "name": "Naunheim (St. Alban)", "last_german_name": "", "country": "D", "adm1": "adm_369070", "adm2": "", "adm3": "adm_137137", "adm4": "", "plz": "", "asciinames": "" }, "geometry": { "type": "Point", "coordinates": [ 7.31808, 50.25305 ] } },
{ "type": "Feature", "properties": { "fid": 223820, "govid": "object_1275822", "type_value": "Kirche", "type_nr": "26", "name": "Müden (St. Stephanus)", "last_german_name": "", "country": "D", "adm1": "adm_369070", "adm2": "", "adm3": "adm_137135", "adm4": "", "plz": "", "asciinames": "" }, "geometry": { "type": "Point", "coordinates": [ 7.33747, 50.18468 ] } },
{ "type": "Feature", "properties": { "fid": 70654, "govid": "MUDDEN_W5401", "type_value": "Ortsgemeinde", "type_nr": "163", "name": "Müden (Mosel)", "last_german_name": "", "country": "D", "adm1": "adm_369070", "adm2": "", "adm3": "adm_137135", "adm4": "", "plz": "56254", "asciinames": "" }, "geometry": { "type": "Point", "coordinates": [ 7.35, 50.1833 ] } },
{ "type": "Feature", "properties": { "fid": 226213, "govid": "MUDSELJO30QE", "type_value": "Dorf", "type_nr": "55", "name": "Müden (Mosel)", "last_german_name": "", "country": "D", "adm1": "adm_369070", "adm2": "", "adm3": "adm_137135", "adm4": "", "plz": "", "asciinames": "" }, "geometry": { "type": "Point", "coordinates": [ 7.35, 50.1833 ] } },
{ "type": "Feature", "properties": { "fid": 83458, "govid": "POMERN_W5593", "type_value": "Ortsgemeinde", "type_nr": "163", "name": "Pommern", "last_german_name": "", "country": "D", "adm1": "adm_369070", "adm2": "", "adm3": "adm_137135", "adm4": "", "plz": "56829", "asciinames": "" }, "geometry": { "type": "Point", "coordinates": [ 7.27373, 50.16994 ] } },
{ "type": "Feature", "properties": { "fid": 108478, "govid": "TREDENJO30PE", "type_value": "Ortsgemeinde", "type_nr": "163", "name": "Treis-Karden", "last_german_name": "", "country": "D", "adm1": "adm_369070", "adm2": "", "adm3": "adm_137135", "adm4": "", "plz": "56253", "asciinames": "" }, "geometry": { "type": "Point", "coordinates": [ 7.3, 50.18 ] } },
{ "type": "Feature", "properties": { "fid": 93461, "govid": "SCHDEN_W5402", "type_value": "Ort", "type_nr": "39", "name": "Schleuse Müden", "last_german_name": "", "country": "D", "adm1": "adm_369070", "adm2": "", "adm3": "adm_137135", "adm4": "", "plz": "56253", "asciinames": "" }, "geometry": { "type": "Point", "coordinates": [ 7.2994, 50.1806 ] } },
{ "type": "Feature", "properties": { "fid": 11698, "govid": "BRIDEN_W5593", "type_value": "Ortsgemeinde", "type_nr": "163", "name": "Brieden", "last_german_name": "", "country": "D", "adm1": "adm_369070", "adm2": "", "adm3": "adm_137135", "adm4": "", "plz": "56829", "asciinames": "" }, "geometry": { "type": "Point", "coordinates": [ 7.26667, 50.1833 ] } },
{ "type": "Feature", "properties": { "fid": 7688, "govid": "BINGEN_W5441", "type_value": "Ortsgemeinde", "type_nr": "163", "name": "Binningen", "last_german_name": "", "country": "D", "adm1": "adm_369070", "adm2": "", "adm3": "adm_137135", "adm4": "", "plz": "56754", "asciinames": "" }, "geometry": { "type": "Point", "coordinates": [ 7.25, 50.2 ] } },
{ "type": "Feature", "properties": { "fid": 12051, "govid": "BROOHL_W5441", "type_value": "Ortsgemeinde", "type_nr": "163", "name": "Brohl", "last_german_name": "", "country": "D", "adm1": "adm_369070", "adm2": "", "adm3": "adm_137135", "adm4": "", "plz": "56754", "asciinames": "" }, "geometry": { "type": "Point", "coordinates": [ 7.28333, 50.2167 ] } },
{ "type": "Feature", "properties": { "fid": 69960, "govid": "MONICH_W5441", "type_value": "Ortsgemeinde", "type_nr": "163", "name": "Möntenich", "last_german_name": "", "country": "D", "adm1": "adm_369070", "adm2": "", "adm3": "adm_137135", "adm4": "", "plz": "56754", "asciinames": "" }, "geometry": { "type": "Point", "coordinates": [ 7.3, 50.2167 ] } },
{ "type": "Feature", "properties": { "fid": 156723, "govid": "FORFELJO30PF", "type_value": "Ortsgemeinde", "type_nr": "163", "name": "Forst (Eifel)", "last_german_name": "", "country": "D", "adm1": "adm_369070", "adm2": "", "adm3": "adm_137135", "adm4": "", "plz": "56754", "asciinames": "Forst,Forst (Eifel)" }, "geometry": { "type": "Point", "coordinates": [ 7.25, 50.2167 ] } },
{ "type": "Feature", "properties": { "fid": 26149, "govid": "FORRST_W5441", "type_value": "Ort", "type_nr": "39", "name": "Forst, Eifel", "last_german_name": "", "country": "D", "adm1": "adm_369070", "adm2": "", "adm3": "adm_137135", "adm4": "", "plz": "56754", "asciinames": "" }, "geometry": { "type": "Point", "coordinates": [ 7.2514, 50.2183 ] } },
{ "type": "Feature", "properties": { "fid": 63816, "govid": "LOFHLE_W5441", "type_value": "Ort", "type_nr": "39", "name": "Löffelmühle", "last_german_name": "", "country": "D", "adm1": "adm_369070", "adm2": "", "adm3": "adm_137137", "adm4": "", "plz": "56753", "asciinames": "" }, "geometry": { "type": "Point", "coordinates": [ 7.2989, 50.2336 ] } },
{ "type": "Feature", "properties": { "fid": 94788, "govid": "SCHHL1_W5441", "type_value": "Ort", "type_nr": "39", "name": "Schweizermühle", "last_german_name": "", "country": "D", "adm1": "adm_369070", "adm2": "", "adm3": "adm_137137", "adm4": "", "plz": "56753", "asciinames": "" }, "geometry": { "type": "Point", "coordinates": [ 7.2981, 50.2353 ] } },
{ "type": "Feature", "properties": { "fid": 93339, "govid": "SCHCHE_W5441", "type_value": "Ort", "type_nr": "39", "name": "Schwanenkirche", "last_german_name": "", "country": "D", "adm1": "adm_369070", "adm2": "", "adm3": "adm_137135", "adm4": "", "plz": "56754", "asciinames": "" }, "geometry": { "type": "Point", "coordinates": [ 7.2536, 50.2369 ] } },
{ "type": "Feature", "properties": { "fid": 95017, "govid": "SCHHO1_W5441", "type_value": "Ort", "type_nr": "39", "name": "Schloßhof b Naunheim, Maifeld", "last_german_name": "", "country": "D", "adm1": "adm_369070", "adm2": "", "adm3": "adm_137135", "adm4": "", "plz": "56753", "asciinames": "" }, "geometry": { "type": "Point", "coordinates": [ 7.285, 50.2392 ] } },
{ "type": "Feature", "properties": { "fid": 88986, "govid": "ROEOES_W5441", "type_value": "Ortsgemeinde", "type_nr": "163", "name": "Roes", "last_german_name": "", "country": "D", "adm1": "adm_369070", "adm2": "", "adm3": "adm_137135", "adm4": "", "plz": "56754", "asciinames": "Roes,Rös" }, "geometry": { "type": "Point", "coordinates": [ 7.26667, 50.25 ] } },
{ "type": "Feature", "properties": { "fid": 226889, "govid": "ROEOESJO30PG", "type_value": "Ortsteil", "type_nr": "40", "name": "Roes", "last_german_name": "", "country": "D", "adm1": "adm_369070", "adm2": "", "adm3": "adm_137135", "adm4": "", "plz": "", "asciinames": "Roes,Rös" }, "geometry": { "type": "Point", "coordinates": [ 7.26667, 50.25 ] } },
{ "type": "Feature", "properties": { "fid": 89825, "govid": "ROSHLE_W5441", "type_value": "Ort", "type_nr": "39", "name": "Rösermühle", "last_german_name": "", "country": "D", "adm1": "adm_369070", "adm2": "", "adm3": "adm_137135", "adm4": "", "plz": "56754", "asciinames": "" }, "geometry": { "type": "Point", "coordinates": [ 7.2728, 50.2503 ] } },
{ "type": "Feature", "properties": { "fid": 12340, "govid": "BRUHLE_W5441", "type_value": "Ort", "type_nr": "39", "name": "Brückenmühle", "last_german_name": "", "country": "D", "adm1": "adm_369070", "adm2": "", "adm3": "adm_137135", "adm4": "", "plz": "56751", "asciinames": "" }, "geometry": { "type": "Point", "coordinates": [ 7.2703, 50.2522 ] } },
{ "type": "Feature", "properties": { "fid": 236732, "govid": "TRELLEJO30PE", "type_value": "Kirche", "type_nr": "26", "name": "Treis-Karden/Georgskapelle", "last_german_name": "", "country": "", "adm1": "", "adm2": "", "adm3": "", "adm4": "", "plz": "", "asciinames": "" }, "geometry": { "type": "Point", "coordinates": [ 7.3009, 50.1814 ] } },
{ "type": "Feature", "properties": { "fid": 92583, "govid": "SAUHLE_W5441", "type_value": "Ort", "type_nr": "39", "name": "Sauersmühle", "last_german_name": "", "country": "D", "adm1": "adm_369070", "adm2": "", "adm3": "adm_137137", "adm4": "", "plz": "56754", "asciinames": "" }, "geometry": { "type": "Point", "coordinates": [ 7.3081, 50.222 ] } },
{ "type": "Feature", "properties": { "fid": 82365, "govid": "PILECK_W5441", "type_value": "Ort", "type_nr": "39", "name": "Pilligerheck", "last_german_name": "", "country": "D", "adm1": "adm_369070", "adm2": "", "adm3": "adm_137137", "adm4": "MUNELDJO30QG", "plz": "56754", "asciinames": "" }, "geometry": { "type": "Point", "coordinates": [ 7.3111, 50.205 ] } },
{ "type": "Feature", "properties": { "fid": 82396, "govid": "PILLIG_W5441", "type_value": "Ortsgemeinde", "type_nr": "163", "name": "Pillig", "last_german_name": "", "country": "D", "adm1": "adm_369070", "adm2": "", "adm3": "adm_137137", "adm4": "", "plz": "56753", "asciinames": "" }, "geometry": { "type": "Point", "coordinates": [ 7.31667, 50.2333 ] } },
{ "type": "Feature", "properties": { "fid": 71886, "govid": "NAUEIM_W5441", "type_value": "Ortsgemeinde", "type_nr": "163", "name": "Naunheim", "last_german_name": "", "country": "D", "adm1": "adm_369070", "adm2": "", "adm3": "adm_137137", "adm4": "", "plz": "56753", "asciinames": "" }, "geometry": { "type": "Point", "coordinates": [ 7.31667, 50.25 ] } },
{ "type": "Feature", "properties": { "fid": 226814, "govid": "KELUNGJO30PF", "type_value": "Ortsteil", "type_nr": "40", "name": "Keldung", "last_german_name": "", "country": "D", "adm1": "adm_369070", "adm2": "", "adm3": "adm_137137", "adm4": "MUNELDJO30QG", "plz": "", "asciinames": "" }, "geometry": { "type": "Point", "coordinates": [ 7.33, 50.2211 ] } },
{ "type": "Feature", "properties": { "fid": 70657, "govid": "MUDERG_W5401", "type_value": "Ort", "type_nr": "39", "name": "Müdenerberg", "last_german_name": "", "country": "D", "adm1": "adm_369070", "adm2": "", "adm3": "adm_137135", "adm4": "", "plz": "56254", "asciinames": "" }, "geometry": { "type": "Point", "coordinates": [ 7.3314, 50.1944 ] } },
{ "type": "Feature", "properties": { "fid": 99305, "govid": "SEVICH_W5401", "type_value": "Ort", "type_nr": "39", "name": "Sevenich", "last_german_name": "", "country": "D", "adm1": "adm_369070", "adm2": "", "adm3": "adm_137137", "adm4": "MUNELDJO30QG", "plz": "56294", "asciinames": "" }, "geometry": { "type": "Point", "coordinates": [ 7.3322, 50.236 ] } },
{ "type": "Feature", "properties": { "fid": 117867, "govid": "WIEHEM_W5401", "type_value": "Ortsgemeinde", "type_nr": "163", "name": "Wierschem", "last_german_name": "", "country": "D", "adm1": "adm_369070", "adm2": "", "adm3": "adm_137137", "adm4": "", "plz": "56294", "asciinames": "" }, "geometry": { "type": "Point", "coordinates": [ 7.35, 50.2333 ] } },
{ "type": "Feature", "properties": { "fid": 73322, "govid": "NEUHOF_W5401", "type_value": "Ort", "type_nr": "39", "name": "Neuhof", "last_german_name": "", "country": "D", "adm1": "adm_369070", "adm2": "", "adm3": "adm_137137", "adm4": "", "plz": "56294", "asciinames": "" }, "geometry": { "type": "Point", "coordinates": [ 7.3508, 50.2142 ] } },
{ "type": "Feature", "properties": { "fid": 47195, "govid": "IMETAL_W5401", "type_value": "Ort", "type_nr": "39", "name": "Im Eltztal", "last_german_name": "", "country": "D", "adm1": "adm_369070", "adm2": "", "adm3": "adm_137135", "adm4": "", "plz": "56254", "asciinames": "" }, "geometry": { "type": "Point", "coordinates": [ 7.3597, 50.1933 ] } },
{ "type": "Feature", "properties": { "fid": 223804, "govid": "object_1275784", "type_value": "Kirche", "type_nr": "26", "name": "Münstermaifeld (St. Martin u. St. Severus)", "last_german_name": "", "country": "D", "adm1": "adm_369070", "adm2": "", "adm3": "adm_137137", "adm4": "MUNELDJO30QG", "plz": "", "asciinames": "" }, "geometry": { "type": "Point", "coordinates": [ 7.36255, 50.24764 ] } },
{ "type": "Feature", "properties": { "fid": 70458, "govid": "MOSERN_W5401", "type_value": "Ortsgemeinde", "type_nr": "163", "name": "Moselkern", "last_german_name": "", "country": "D", "adm1": "adm_369070", "adm2": "", "adm3": "adm_137135", "adm4": "", "plz": "56254", "asciinames": "" }, "geometry": { "type": "Point", "coordinates": [ 7.36667, 50.2 ] } },
{ "type": "Feature", "properties": { "fid": 223819, "govid": "object_1275821", "type_value": "Kirche", "type_nr": "26", "name": "Moselkern (St. Valerius)", "last_german_name": "", "country": "D", "adm1": "adm_369070", "adm2": "", "adm3": "adm_137135", "adm4": "", "plz": "", "asciinames": "" }, "geometry": { "type": "Point", "coordinates": [ 7.36824, 50.19177 ] } },
{ "type": "Feature", "properties": { "fid": 163384, "govid": "object_301132", "type_value": "Ortsteil", "type_nr": "40", "name": "Münstermaifeld", "last_german_name": "", "country": "D", "adm1": "adm_369070", "adm2": "", "adm3": "adm_137137", "adm4": "MUNELDJO30QG", "plz": "56294", "asciinames": "" }, "geometry": { "type": "Point", "coordinates": [ 7.37, 50.25 ] } },
{ "type": "Feature", "properties": { "fid": 226816, "govid": "LASERGJO30QF", "type_value": "Ortsteil", "type_nr": "40", "name": "Lasserg", "last_german_name": "", "country": "D", "adm1": "adm_369070", "adm2": "", "adm3": "adm_137137", "adm4": "MUNELDJO30QG", "plz": "", "asciinames": "Lasserg,Laßerg" }, "geometry": { "type": "Point", "coordinates": [ 7.3775, 50.219 ] } },
{ "type": "Feature", "properties": { "fid": 226817, "govid": "METICHJO30QF", "type_value": "Ortsteil", "type_nr": "40", "name": "Metternich", "last_german_name": "", "country": "D", "adm1": "adm_369070", "adm2": "", "adm3": "adm_137137", "adm4": "MUNELDJO30QG", "plz": "", "asciinames": "" }, "geometry": { "type": "Point", "coordinates": [ 7.3808, 50.2392 ] } },
{ "type": "Feature", "properties": { "fid": 226882, "govid": "MOSERNJO30QE", "type_value": "Ortsteil", "type_nr": "40", "name": "Moselkern", "last_german_name": "", "country": "D", "adm1": "adm_369070", "adm2": "", "adm3": "adm_137135", "adm4": "", "plz": "", "asciinames": "" }, "geometry": { "type": "Point", "coordinates": [ 7.36667, 50.2 ] } },
{ "type": "Feature", "properties": { "fid": 233370, "govid": "PILLIGJO30PF", "type_value": "Dorf", "type_nr": "55", "name": "Pillig", "last_german_name": "", "country": "D", "adm1": "", "adm2": "", "adm3": "", "adm4": "", "plz": "", "asciinames": "" }, "geometry": { "type": "Point", "coordinates": [ 7.312, 50.238 ] } },
{ "type": "Feature", "properties": { "fid": 233371, "govid": "WIEHEMJO30QF", "type_value": "Dorf", "type_nr": "55", "name": "Wierschem", "last_german_name": "", "country": "D", "adm1": "", "adm2": "", "adm3": "", "adm4": "", "plz": "", "asciinames": "" }, "geometry": { "type": "Point", "coordinates": [ 7.352, 50.226 ] } },
{ "type": "Feature", "properties": { "fid": 233372, "govid": "BURLTZJO30QE", "type_value": "Ort", "type_nr": "39", "name": "Burg Eltz", "last_german_name": "", "country": "D", "adm1": "", "adm2": "", "adm3": "", "adm4": "", "plz": "", "asciinames": "" }, "geometry": { "type": "Point", "coordinates": [ 7.337, 50.205 ] } },
{ "type": "Feature", "properties": { "fid": 233373, "govid": "OESHOFJO30QE", "type_value": "Ort", "type_nr": "39", "name": "Oesterhof", "last_german_name": "", "country": "D", "adm1": "", "adm2": "", "adm3": "", "adm4": "", "plz": "", "asciinames": "" }, "geometry": { "type": "Point", "coordinates": [ 7.342, 50.199 ] } },
{ "type": "Feature", "properties": { "fid": 233374, "govid": "ROTHOFJO30PE", "type_value": "Ort", "type_nr": "39", "name": "Roterhof", "last_german_name": "", "country": "D", "adm1": "", "adm2": "", "adm3": "", "adm4": "", "plz": "", "asciinames": "Rotherhof,Roterhof" }, "geometry": { "type": "Point", "coordinates": [ 7.322, 50.201 ] } },
{ "type": "Feature", "properties": { "fid": 226819, "govid": "MOSSCHJO30RG", "type_value": "Ortsteil", "type_nr": "40", "name": "Moselsürsch", "last_german_name": "", "country": "D", "adm1": "adm_369070", "adm2": "", "adm3": "adm_137137", "adm4": "", "plz": "", "asciinames": "" }, "geometry": { "type": "Point", "coordinates": [ 7.4228, 50.2597 ] } },
{ "type": "Feature", "properties": { "fid": 97884, "govid": "SCHUBE_W5401", "type_value": "Ort", "type_nr": "39", "name": "Schiefergrube", "last_german_name": "", "country": "D", "adm1": "adm_369070", "adm2": "", "adm3": "adm_137137", "adm4": "", "plz": "56332", "asciinames": "" }, "geometry": { "type": "Point", "coordinates": [ 7.44, 50.2606 ] } },
{ "type": "Feature", "properties": { "fid": 76822, "govid": "OBEELL_W5401", "type_value": "Ortsgemeinde", "type_nr": "163", "name": "Oberfell", "last_german_name": "", "country": "D", "adm1": "adm_369070", "adm2": "", "adm3": "adm_137137", "adm4": "", "plz": "56332", "asciinames": "" }, "geometry": { "type": "Point", "coordinates": [ 7.4455, 50.2592 ] } },
{ "type": "Feature", "properties": { "fid": 226296, "govid": "OBEELLJO30RG", "type_value": "Dorf", "type_nr": "55", "name": "Oberfell", "last_german_name": "", "country": "D", "adm1": "adm_369070", "adm2": "", "adm3": "adm_137137", "adm4": "", "plz": "", "asciinames": "" }, "geometry": { "type": "Point", "coordinates": [ 7.4455, 50.2592 ] } },
{ "type": "Feature", "properties": { "fid": 223789, "govid": "object_1275761", "type_value": "Kirche", "type_nr": "26", "name": "Oberfell (St. Nikolaus)", "last_german_name": "", "country": "D", "adm1": "adm_369070", "adm2": "", "adm3": "adm_137137", "adm4": "", "plz": "", "asciinames": "" }, "geometry": { "type": "Point", "coordinates": [ 7.44591, 50.2587 ] } },
{ "type": "Feature", "properties": { "fid": 8552, "govid": "BLEHOF_W5401", "type_value": "Ort", "type_nr": "39", "name": "Bleidenbergerhof", "last_german_name": "", "country": "D", "adm1": "adm_369070", "adm2": "", "adm3": "adm_137137", "adm4": "", "plz": "56332", "asciinames": "" }, "geometry": { "type": "Point", "coordinates": [ 7.455, 50.2525 ] } },
{ "type": "Feature", "properties": { "fid": 233362, "govid": "CATHALJO30RG", "type_value": "Ort", "type_nr": "39", "name": "Catteneser Mühlenthal", "last_german_name": "", "country": "", "adm1": "", "adm2": "", "adm3": "", "adm4": "", "plz": "", "asciinames": "" }, "geometry": { "type": "Point", "coordinates": [ 7.431, 50.252 ] } },
{ "type": "Feature", "properties": { "fid": 17555, "govid": "DISHOF_W5406", "type_value": "Ort", "type_nr": "39", "name": "Distelbergerhof", "last_german_name": "", "country": "D", "adm1": "adm_369070", "adm2": "", "adm3": "adm_137137", "adm4": "", "plz": "56333", "asciinames": "" }, "geometry": { "type": "Point", "coordinates": [ 7.5078, 50.3175 ] } },
{ "type": "Feature", "properties": { "fid": 56231, "govid": "KONTAL_W5401", "type_value": "Ort", "type_nr": "39", "name": "Kondertal", "last_german_name": "", "country": "D", "adm1": "adm_369070", "adm2": "", "adm3": "object_320295", "adm4": "", "plz": "56332", "asciinames": "" }, "geometry": { "type": "Point", "coordinates": [ 7.5164, 50.3053 ] } },
{ "type": "Feature", "properties": { "fid": 67013, "govid": "MAROTH_W5401", "type_value": "Gemeindeteil", "type_nr": "158", "name": "Mariaroth", "last_german_name": "", "country": "D", "adm1": "adm_369070", "adm2": "", "adm3": "adm_137137", "adm4": "", "plz": "56332", "asciinames": "" }, "geometry": { "type": "Point", "coordinates": [ 7.5175, 50.2864 ] } },
{ "type": "Feature", "properties": { "fid": 125961, "govid": "object_162486", "type_value": "Kirche", "type_nr": "26", "name": "Winningen", "last_german_name": "", "country": "", "adm1": "", "adm2": "", "adm3": "", "adm4": "", "plz": "", "asciinames": "" }, "geometry": { "type": "Point", "coordinates": [ 7.5179, 50.3121 ] } },
{ "type": "Feature", "properties": { "fid": 226847, "govid": "WINGE1JO30SH", "type_value": "Ortsteil", "type_nr": "40", "name": "Winningen", "last_german_name": "", "country": "D", "adm1": "adm_369070", "adm2": "", "adm3": "adm_137137", "adm4": "", "plz": "", "asciinames": "" }, "geometry": { "type": "Point", "coordinates": [ 7.52, 50.32 ] } },
{ "type": "Feature", "properties": { "fid": 119171, "govid": "WINGENJO30SH", "type_value": "Ortsgemeinde", "type_nr": "163", "name": "Winningen", "last_german_name": "", "country": "D", "adm1": "adm_369070", "adm2": "", "adm3": "adm_137137", "adm4": "", "plz": "56333", "asciinames": "" }, "geometry": { "type": "Point", "coordinates": [ 7.52, 50.32 ] } },
{ "type": "Feature", "properties": { "fid": 2695, "govid": "ARKHOF_W5401", "type_value": "Ort", "type_nr": "39", "name": "Arkenwälderhof", "last_german_name": "", "country": "D", "adm1": "adm_369070", "adm2": "", "adm3": "adm_137137", "adm4": "", "plz": "56332", "asciinames": "" }, "geometry": { "type": "Point", "coordinates": [ 7.4978, 50.27 ] } },
{ "type": "Feature", "properties": { "fid": 26065, "govid": "FORHOF_W5401", "type_value": "Ort", "type_nr": "39", "name": "Försterhof", "last_german_name": "", "country": "D", "adm1": "adm_369070", "adm2": "", "adm3": "adm_137137", "adm4": "", "plz": "56332", "asciinames": "" }, "geometry": { "type": "Point", "coordinates": [ 7.4833, 50.272 ] } },
{ "type": "Feature", "properties": { "fid": 61412, "govid": "LEHMENJO30RG", "type_value": "Ortsgemeinde", "type_nr": "163", "name": "Lehmen", "last_german_name": "", "country": "D", "adm1": "adm_369070", "adm2": "", "adm3": "adm_137137", "adm4": "", "plz": "56332", "asciinames": "" }, "geometry": { "type": "Point", "coordinates": [ 7.45, 50.28 ] } },
{ "type": "Feature", "properties": { "fid": 61426, "govid": "LEHOFE_W5401", "type_value": "Ort", "type_nr": "39", "name": "Lehmerhöfe", "last_german_name": "", "country": "D", "adm1": "adm_369070", "adm2": "", "adm3": "adm_137137", "adm4": "", "plz": "56332", "asciinames": "" }, "geometry": { "type": "Point", "coordinates": [ 7.4403, 50.28 ] } },
{ "type": "Feature", "properties": { "fid": 74609, "govid": "NIEELLJO30RG", "type_value": "Ortsgemeinde", "type_nr": "163", "name": "Niederfell", "last_german_name": "", "country": "D", "adm1": "adm_369070", "adm2": "", "adm3": "adm_137137", "adm4": "", "plz": "56332", "asciinames": "" }, "geometry": { "type": "Point", "coordinates": [ 7.47, 50.28 ] } },
{ "type": "Feature", "properties": { "fid": 96671, "govid": "SCHOHE_W5401", "type_value": "Ort", "type_nr": "39", "name": "Schmittenhöhe", "last_german_name": "", "country": "D", "adm1": "adm_369070", "adm2": "", "adm3": "adm_137137", "adm4": "", "plz": "56332", "asciinames": "" }, "geometry": { "type": "Point", "coordinates": [ 7.4433, 50.2828 ] } },
{ "type": "Feature", "properties": { "fid": 58891, "govid": "KUHUHR_W5401", "type_value": "Ort", "type_nr": "39", "name": "Kühr", "last_german_name": "", "country": "D", "adm1": "adm_369070", "adm2": "", "adm3": "adm_137137", "adm4": "", "plz": "56332", "asciinames": "" }, "geometry": { "type": "Point", "coordinates": [ 7.4586, 50.2853 ] } },
{ "type": "Feature", "properties": { "fid": 24810, "govid": "FELHOF_W5401", "type_value": "Ort", "type_nr": "39", "name": "Fellerhof", "last_german_name": "", "country": "D", "adm1": "adm_369070", "adm2": "", "adm3": "adm_137137", "adm4": "", "plz": "56332", "asciinames": "" }, "geometry": { "type": "Point", "coordinates": [ 7.4681, 50.2858 ] } },
{ "type": "Feature", "properties": { "fid": 95288, "govid": "SCHHOF_W5401", "type_value": "Ort", "type_nr": "39", "name": "Schwalberhof b Dieblich", "last_german_name": "", "country": "D", "adm1": "adm_369070", "adm2": "", "adm3": "adm_137137", "adm4": "", "plz": "56332", "asciinames": "" }, "geometry": { "type": "Point", "coordinates": [ 7.4861, 50.286 ] } },
{ "type": "Feature", "properties": { "fid": 51828, "govid": "KEHHLE_W5401", "type_value": "Ort", "type_nr": "39", "name": "Kehrmühle", "last_german_name": "", "country": "D", "adm1": "adm_369070", "adm2": "", "adm3": "adm_137137", "adm4": "", "plz": "56330", "asciinames": "" }, "geometry": { "type": "Point", "coordinates": [ 7.4436, 50.2914 ] } },
{ "type": "Feature", "properties": { "fid": 63031, "govid": "LINHLE_W5401", "type_value": "Ort", "type_nr": "39", "name": "Linkemühle", "last_german_name": "", "country": "D", "adm1": "adm_369070", "adm2": "", "adm3": "adm_137137", "adm4": "", "plz": "56332", "asciinames": "" }, "geometry": { "type": "Point", "coordinates": [ 7.47, 50.2925 ] } },
{ "type": "Feature", "properties": { "fid": 58787, "govid": "KUHHOF_W5401", "type_value": "Gemeindeteil", "type_nr": "158", "name": "Kührerhof", "last_german_name": "", "country": "D", "adm1": "adm_369070", "adm2": "", "adm3": "adm_137137", "adm4": "", "plz": "56332", "asciinames": "" }, "geometry": { "type": "Point", "coordinates": [ 7.4956, 50.293 ] } },
{ "type": "Feature", "properties": { "fid": 94931, "govid": "SCHHLE_W5401", "type_value": "Ort", "type_nr": "39", "name": "Schwalbermühle", "last_german_name": "", "country": "D", "adm1": "adm_369070", "adm2": "", "adm3": "adm_137137", "adm4": "", "plz": "56332", "asciinames": "" }, "geometry": { "type": "Point", "coordinates": [ 7.4675, 50.2936 ] } },
{ "type": "Feature", "properties": { "fid": 29716, "govid": "GERHLE_W5401", "type_value": "Ort", "type_nr": "39", "name": "Gerlachsmühle", "last_german_name": "", "country": "D", "adm1": "adm_369070", "adm2": "", "adm3": "adm_137137", "adm4": "", "plz": "56330", "asciinames": "" }, "geometry": { "type": "Point", "coordinates": [ 7.4456, 50.2944 ] } },
{ "type": "Feature", "properties": { "fid": 63972, "govid": "LOHHOF_W5401", "type_value": "Gemeindeteil", "type_nr": "158", "name": "Lohbuschhof", "last_german_name": "", "country": "D", "adm1": "adm_369070", "adm2": "", "adm3": "adm_137137", "adm4": "", "plz": "56332", "asciinames": "" }, "geometry": { "type": "Point", "coordinates": [ 7.4897, 50.2956 ] } },
{ "type": "Feature", "properties": { "fid": 5243, "govid": "BAUOFE_W5401", "type_value": "Gemeindeteil", "type_nr": "158", "name": "Bauhöfe", "last_german_name": "", "country": "D", "adm1": "adm_369070", "adm2": "", "adm3": "adm_137137", "adm4": "", "plz": "56332", "asciinames": "" }, "geometry": { "type": "Point", "coordinates": [ 7.498, 50.2959 ] } },
{ "type": "Feature", "properties": { "fid": 25443, "govid": "FISHLE_W5401", "type_value": "Ort", "type_nr": "39", "name": "Fißmühle b Kobern-Gondorf", "last_german_name": "", "country": "D", "adm1": "adm_369070", "adm2": "", "adm3": "adm_137137", "adm4": "", "plz": "56330", "asciinames": "" }, "geometry": { "type": "Point", "coordinates": [ 7.461, 50.298 ] } },
{ "type": "Feature", "properties": { "fid": 55185, "govid": "KOBORFJO30RH", "type_value": "Ortsgemeinde", "type_nr": "163", "name": "Kobern-Gondorf", "last_german_name": "", "country": "D", "adm1": "adm_369070", "adm2": "", "adm3": "adm_137137", "adm4": "", "plz": "56330", "asciinames": "Kobern-Gondorf,Kobern" }, "geometry": { "type": "Point", "coordinates": [ 7.45, 50.3 ] } },
{ "type": "Feature", "properties": { "fid": 16542, "govid": "DELHOF_W5401", "type_value": "Ort", "type_nr": "39", "name": "Delcherhof", "last_german_name": "", "country": "D", "adm1": "adm_369070", "adm2": "", "adm3": "adm_137137", "adm4": "", "plz": "56330", "asciinames": "Delcherhof,Dilcherhof" }, "geometry": { "type": "Point", "coordinates": [ 7.4422, 50.3022 ] } },
{ "type": "Feature", "properties": { "fid": 95016, "govid": "SCHHO1_W5401", "type_value": "Ort", "type_nr": "39", "name": "Scheidterhof", "last_german_name": "", "country": "D", "adm1": "adm_369070", "adm2": "", "adm3": "adm_137137", "adm4": "", "plz": "56330", "asciinames": "Scheidterhof,Scheiderhof" }, "geometry": { "type": "Point", "coordinates": [ 7.4356, 50.305 ] } },
{ "type": "Feature", "properties": { "fid": 106210, "govid": "TALWEL_W5401", "type_value": "Gemeindeteil", "type_nr": "158", "name": "Talwel", "last_german_name": "", "country": "D", "adm1": "adm_369070", "adm2": "", "adm3": "adm_137137", "adm4": "", "plz": "56332", "asciinames": "" }, "geometry": { "type": "Point", "coordinates": [ 7.5, 50.306 ] } },
{ "type": "Feature", "properties": { "fid": 66285, "govid": "MANHOF_W5401", "type_value": "Ort", "type_nr": "39", "name": "Manderscheiderhof", "last_german_name": "", "country": "D", "adm1": "adm_369070", "adm2": "", "adm3": "adm_137137", "adm4": "", "plz": "56330", "asciinames": "" }, "geometry": { "type": "Point", "coordinates": [ 7.4356, 50.307 ] } },
{ "type": "Feature", "properties": { "fid": 163033, "govid": "object_299633", "type_value": "Ort", "type_nr": "39", "name": "Kobern", "last_german_name": "", "country": "D", "adm1": "adm_369070", "adm2": "", "adm3": "adm_137137", "adm4": "", "plz": "22", "asciinames": "" }, "geometry": { "type": "Point", "coordinates": [ 7.4582, 50.3072 ] } },
{ "type": "Feature", "properties": { "fid": 17143, "govid": "DIEERG_W5401", "type_value": "Gemeindeteil", "type_nr": "158", "name": "Dieblich-Berg", "last_german_name": "", "country": "D", "adm1": "adm_369070", "adm2": "", "adm3": "adm_137137", "adm4": "", "plz": "56332", "asciinames": "" }, "geometry": { "type": "Point", "coordinates": [ 7.47396, 50.30805 ] } },
{ "type": "Feature", "properties": { "fid": 192458, "govid": "LAULENJO30SH", "type_value": "Wohnplatz", "type_nr": "129", "name": "Laubachs Mühlen", "last_german_name": "", "country": "D", "adm1": "adm_369070", "adm2": "", "adm3": "object_320295", "adm4": "", "plz": "", "asciinames": "" }, "geometry": { "type": "Point", "coordinates": [ 7.5, 50.31 ] } },
{ "type": "Feature", "properties": { "fid": 100517, "govid": "SOLACH_W5401", "type_value": "Ort", "type_nr": "39", "name": "Solligerbach", "last_german_name": "", "country": "D", "adm1": "adm_369070", "adm2": "", "adm3": "adm_137137", "adm4": "", "plz": "56330", "asciinames": "" }, "geometry": { "type": "Point", "coordinates": [ 7.4503, 50.3106 ] } },
{ "type": "Feature", "properties": { "fid": 100560, "govid": "SOLHOF_W5401", "type_value": "Ort", "type_nr": "39", "name": "Solligerhof", "last_german_name": "", "country": "D", "adm1": "adm_369070", "adm2": "", "adm3": "adm_137137", "adm4": "", "plz": "56330", "asciinames": "" }, "geometry": { "type": "Point", "coordinates": [ 7.4367, 50.3125 ] } },
{ "type": "Feature", "properties": { "fid": 71090, "govid": "MUHTAL_W5401", "type_value": "Ort", "type_nr": "39", "name": "Mühltal", "last_german_name": "", "country": "D", "adm1": "adm_369070", "adm2": "", "adm3": "adm_137137", "adm4": "", "plz": "56330", "asciinames": "" }, "geometry": { "type": "Point", "coordinates": [ 7.4514, 50.3133 ] } },
{ "type": "Feature", "properties": { "fid": 23879, "govid": "EULHOF_W5401", "type_value": "Ort", "type_nr": "39", "name": "Euligerhof", "last_german_name": "", "country": "D", "adm1": "adm_369070", "adm2": "", "adm3": "adm_137137", "adm4": "", "plz": "56330", "asciinames": "" }, "geometry": { "type": "Point", "coordinates": [ 7.4428, 50.32 ] } },
{ "type": "Feature", "properties": { "fid": 5880, "govid": "BELTAL_W5401", "type_value": "Ort", "type_nr": "39", "name": "Belltal", "last_german_name": "", "country": "D", "adm1": "adm_369070", "adm2": "", "adm3": "adm_137137", "adm4": "", "plz": "56330", "asciinames": "" }, "geometry": { "type": "Point", "coordinates": [ 7.4775, 50.3225 ] } },
{ "type": "Feature", "properties": { "fid": 120395, "govid": "WOLKEN_W5401", "type_value": "Ortsgemeinde", "type_nr": "163", "name": "Wolken", "last_german_name": "", "country": "D", "adm1": "adm_369070", "adm2": "", "adm3": "adm_137137", "adm4": "", "plz": "56332", "asciinames": "" }, "geometry": { "type": "Point", "coordinates": [ 7.46667, 50.3333 ] } },
{ "type": "Feature", "properties": { "fid": 223783, "govid": "object_1275745", "type_value": "Kirche", "type_nr": "26", "name": "Kobern (St. Lubentius)", "last_german_name": "", "country": "D", "adm1": "adm_369070", "adm2": "", "adm3": "adm_137137", "adm4": "", "plz": "", "asciinames": "" }, "geometry": { "type": "Point", "coordinates": [ 7.45717, 50.30992 ] } },
{ "type": "Feature", "properties": { "fid": 223784, "govid": "object_1275746", "type_value": "Kirche", "type_nr": "26", "name": "Lehmen (St. Kastor)", "last_german_name": "", "country": "D", "adm1": "adm_369070", "adm2": "", "adm3": "adm_137137", "adm4": "", "plz": "", "asciinames": "" }, "geometry": { "type": "Point", "coordinates": [ 7.45411, 50.285 ] } },
{ "type": "Feature", "properties": { "fid": 223785, "govid": "object_1275747", "type_value": "Kirche", "type_nr": "26", "name": "Gondorf (St. Johannes Ap.)", "last_german_name": "", "country": "D", "adm1": "adm_369070", "adm2": "", "adm3": "adm_137137", "adm4": "", "plz": "", "asciinames": "" }, "geometry": { "type": "Point", "coordinates": [ 7.4583, 50.29084 ] } },
{ "type": "Feature", "properties": { "fid": 223786, "govid": "DIEIC1JO30RH", "type_value": "Ortsteil", "type_nr": "40", "name": "Dieblich", "last_german_name": "", "country": "D", "adm1": "adm_369070", "adm2": "", "adm3": "adm_137137", "adm4": "", "plz": "", "asciinames": "" }, "geometry": { "type": "Point", "coordinates": [ 7.471321, 50.316512 ] } },
{ "type": "Feature", "properties": { "fid": 223787, "govid": "object_1275759", "type_value": "Kirche", "type_nr": "26", "name": "Dieblich (St. Johannes Ap.)", "last_german_name": "", "country": "D", "adm1": "adm_369070", "adm2": "", "adm3": "adm_137137", "adm4": "", "plz": "", "asciinames": "" }, "geometry": { "type": "Point", "coordinates": [ 7.46759, 50.31317 ] } },
{ "type": "Feature", "properties": { "fid": 223788, "govid": "object_1275760", "type_value": "Kirche", "type_nr": "26", "name": "Niederfell (St. Lambertus)", "last_german_name": "", "country": "D", "adm1": "adm_369070", "adm2": "", "adm3": "adm_137137", "adm4": "", "plz": "", "asciinames": "" }, "geometry": { "type": "Point", "coordinates": [ 7.46231, 50.28953 ] } },
{ "type": "Feature", "properties": { "fid": 225549, "govid": "object_1281089", "type_value": "Dorf", "type_nr": "55", "name": "Gondorf", "last_german_name": "", "country": "D", "adm1": "adm_369070", "adm2": "", "adm3": "adm_137137", "adm4": "", "plz": "", "asciinames": "" }, "geometry": { "type": "Point", "coordinates": [ 7.45826, 50.2913 ] } },
{ "type": "Feature", "properties": { "fid": 226843, "govid": "LEHME1JO30RG", "type_value": "Ortsteil", "type_nr": "40", "name": "Lehmen", "last_german_name": "", "country": "D", "adm1": "adm_369070", "adm2": "", "adm3": "adm_137137", "adm4": "", "plz": "", "asciinames": "" }, "geometry": { "type": "Point", "coordinates": [ 7.45, 50.28 ] } },
{ "type": "Feature", "properties": { "fid": 226845, "govid": "NIEEL1JO30RG", "type_value": "Ortsteil", "type_nr": "40", "name": "Niederfell", "last_german_name": "", "country": "D", "adm1": "adm_369070", "adm2": "", "adm3": "adm_137137", "adm4": "", "plz": "", "asciinames": "" }, "geometry": { "type": "Point", "coordinates": [ 7.47, 50.28 ] } },
{ "type": "Feature", "properties": { "fid": 226848, "govid": "WOLKENJO30RH", "type_value": "Ortsteil", "type_nr": "40", "name": "Wolken", "last_german_name": "", "country": "D", "adm1": "adm_369070", "adm2": "", "adm3": "adm_137137", "adm4": "", "plz": "", "asciinames": "" }, "geometry": { "type": "Point", "coordinates": [ 7.46667, 50.3333 ] } },
{ "type": "Feature", "properties": { "fid": 8162, "govid": "BISDER_W5400", "type_value": "Ortsgemeinde", "type_nr": "163", "name": "Bisholder", "last_german_name": "", "country": "", "adm1": "", "adm2": "", "adm3": "", "adm4": "", "plz": "W5400", "asciinames": "" }, "geometry": { "type": "Point", "coordinates": [ 7.5322, 50.3339 ] } },
{ "type": "Feature", "properties": { "fid": 166689, "govid": "LAYACHJO30SI", "type_value": "Ort", "type_nr": "39", "name": "Layerbach", "last_german_name": "", "country": "D", "adm1": "adm_369070", "adm2": "", "adm3": "object_320295", "adm4": "", "plz": "", "asciinames": "" }, "geometry": { "type": "Point", "coordinates": [ 7.5323, 50.3342 ] } },
{ "type": "Feature", "properties": { "fid": 22413, "govid": "EMMHOF_W5401", "type_value": "Ort", "type_nr": "39", "name": "Emmelshof", "last_german_name": "", "country": "D", "adm1": "adm_369070", "adm2": "", "adm3": "adm_137137", "adm4": "", "plz": "56294", "asciinames": "" }, "geometry": { "type": "Point", "coordinates": [ 7.3894, 50.2769 ] } },
{ "type": "Feature", "properties": { "fid": 233363, "govid": "KALALTJO30QG", "type_value": "Dorf", "type_nr": "55", "name": "Kalt", "last_german_name": "", "country": "D", "adm1": "", "adm2": "", "adm3": "", "adm4": "", "plz": "", "asciinames": "" }, "geometry": { "type": "Point", "coordinates": [ 7.394, 50.266 ] } },
{ "type": "Feature", "properties": { "fid": 51310, "govid": "KASHLE_W5401", "type_value": "Ort", "type_nr": "39", "name": "Kaspersmühle", "last_german_name": "", "country": "D", "adm1": "adm_369070", "adm2": "", "adm3": "adm_137137", "adm4": "", "plz": "56330", "asciinames": "" }, "geometry": { "type": "Point", "coordinates": [ 7.397, 50.2853 ] } },
{ "type": "Feature", "properties": { "fid": 22618, "govid": "ENGHOF_W5401", "type_value": "Ort", "type_nr": "39", "name": "Engelshof", "last_german_name": "", "country": "D", "adm1": "adm_369070", "adm2": "", "adm3": "adm_137137", "adm4": "", "plz": "56330", "asciinames": "" }, "geometry": { "type": "Point", "coordinates": [ 7.3975, 50.2836 ] } },
{ "type": "Feature", "properties": { "fid": 113722, "govid": "WALHOF_W5405", "type_value": "Ort", "type_nr": "39", "name": "Waldorferhof", "last_german_name": "", "country": "D", "adm1": "adm_369070", "adm2": "", "adm3": "adm_137137", "adm4": "", "plz": "56299", "asciinames": "" }, "geometry": { "type": "Point", "coordinates": [ 7.3981, 50.3342 ] } },
{ "type": "Feature", "properties": { "fid": 49838, "govid": "KALALT_W5401", "type_value": "Ortsgemeinde", "type_nr": "163", "name": "Kalt", "last_german_name": "", "country": "D", "adm1": "adm_369070", "adm2": "", "adm3": "adm_137137", "adm4": "", "plz": "56294", "asciinames": "" }, "geometry": { "type": "Point", "coordinates": [ 7.4, 50.2667 ] } },
{ "type": "Feature", "properties": { "fid": 233314, "govid": "LONHLEJO30QH", "type_value": "Ort", "type_nr": "39", "name": "Lonnigermühle", "last_german_name": "", "country": "D", "adm1": "", "adm2": "", "adm3": "", "adm4": "", "plz": "", "asciinames": "" }, "geometry": { "type": "Point", "coordinates": [ 7.402, 50.305 ] } },
{ "type": "Feature", "properties": { "fid": 51780, "govid": "KEBUND_W5401", "type_value": "Ort", "type_nr": "39", "name": "Kebergrund", "last_german_name": "", "country": "D", "adm1": "adm_369070", "adm2": "", "adm3": "adm_137137", "adm4": "", "plz": "56295", "asciinames": "" }, "geometry": { "type": "Point", "coordinates": [ 7.4036, 50.3039 ] } },
{ "type": "Feature", "properties": { "fid": 64241, "govid": "LONNIG_W5401", "type_value": "Ortsgemeinde", "type_nr": "163", "name": "Lonnig", "last_german_name": "", "country": "D", "adm1": "adm_369070", "adm2": "", "adm3": "adm_137137", "adm4": "", "plz": "56295", "asciinames": "" }, "geometry": { "type": "Point", "coordinates": [ 7.4063, 50.31 ] } },
{ "type": "Feature", "properties": { "fid": 226807, "govid": "LONNIGJO30QH", "type_value": "Ortsteil", "type_nr": "40", "name": "Lonnig", "last_german_name": "", "country": "D", "adm1": "adm_369070", "adm2": "", "adm3": "adm_137137", "adm4": "", "plz": "", "asciinames": "" }, "geometry": { "type": "Point", "coordinates": [ 7.4063, 50.31 ] } },
{ "type": "Feature", "properties": { "fid": 223782, "govid": "object_1275744", "type_value": "Kirche", "type_nr": "26", "name": "Lonnig (St. Jakobus der Ältere)", "last_german_name": "", "country": "D", "adm1": "adm_369070", "adm2": "", "adm3": "adm_137137", "adm4": "", "plz": "", "asciinames": "" }, "geometry": { "type": "Point", "coordinates": [ 7.40641, 50.31166 ] } },
{ "type": "Feature", "properties": { "fid": 91643, "govid": "SACHOF_W5405", "type_value": "Hof", "type_nr": "24", "name": "Sackenheimer Höfe", "last_german_name": "", "country": "D", "adm1": "adm_369070", "adm2": "", "adm3": "adm_137137", "adm4": "", "plz": "56299", "asciinames": "Sackenheimerhof,Sackenheimer Höfe" }, "geometry": { "type": "Point", "coordinates": [ 7.4144, 50.3422 ] } },
{ "type": "Feature", "properties": { "fid": 105813, "govid": "SURHOF_W5405", "type_value": "Ort", "type_nr": "39", "name": "Sürzerhof", "last_german_name": "", "country": "D", "adm1": "adm_369070", "adm2": "", "adm3": "adm_137137", "adm4": "", "plz": "56299", "asciinames": "" }, "geometry": { "type": "Point", "coordinates": [ 7.4186, 50.3286 ] } },
{ "type": "Feature", "properties": { "fid": 18698, "govid": "DREACH_W5401", "type_value": "Ortsgemeinde", "type_nr": "163", "name": "Dreckenach", "last_german_name": "", "country": "", "adm1": "", "adm2": "", "adm3": "", "adm4": "", "plz": "56330", "asciinames": "" }, "geometry": { "type": "Point", "coordinates": [ 7.4206, 50.2883 ] } },
{ "type": "Feature", "properties": { "fid": 226813, "govid": "DREACHJO30RG", "type_value": "Ortsteil", "type_nr": "40", "name": "Dreckenach", "last_german_name": "", "country": "D", "adm1": "adm_369070", "adm2": "", "adm3": "adm_137137", "adm4": "", "plz": "", "asciinames": "" }, "geometry": { "type": "Point", "coordinates": [ 7.4206, 50.2883 ] } },
{ "type": "Feature", "properties": { "fid": 50960, "govid": "KARHOF_W5405", "type_value": "Ort", "type_nr": "39", "name": "Karmelenbergerhof", "last_german_name": "", "country": "D", "adm1": "adm_369070", "adm2": "", "adm3": "adm_137137", "adm4": "", "plz": "56299", "asciinames": "" }, "geometry": { "type": "Point", "coordinates": [ 7.422, 50.3375 ] } },
{ "type": "Feature", "properties": { "fid": 115674, "govid": "WEIHOF_W5401", "type_value": "Ort", "type_nr": "39", "name": "Weidenhof", "last_german_name": "", "country": "D", "adm1": "adm_369070", "adm2": "", "adm3": "adm_137137", "adm4": "", "plz": "56330", "asciinames": "" }, "geometry": { "type": "Point", "coordinates": [ 7.4256, 50.2978 ] } },
{ "type": "Feature", "properties": { "fid": 63722, "govid": "LOCHLE_W5401", "type_value": "Ort", "type_nr": "39", "name": "Lochsmühle", "last_german_name": "", "country": "D", "adm1": "adm_369070", "adm2": "", "adm3": "adm_137137", "adm4": "", "plz": "56330", "asciinames": "" }, "geometry": { "type": "Point", "coordinates": [ 7.4264, 50.2875 ] } },
{ "type": "Feature", "properties": { "fid": 225118, "govid": "ACHHOF_W5405", "type_value": "Ort", "type_nr": "39", "name": "Achterspannerhof", "last_german_name": "", "country": "D", "adm1": "adm_369070", "adm2": "", "adm3": "adm_137137", "adm4": "", "plz": "56299", "asciinames": "" }, "geometry": { "type": "Point", "coordinates": [ 7.43, 50.337 ] } },
{ "type": "Feature", "properties": { "fid": 233365, "govid": "FUSHLEJO30RG", "type_value": "Ort", "type_nr": "39", "name": "Fißmühle", "last_german_name": "", "country": "D", "adm1": "", "adm2": "", "adm3": "", "adm4": "", "plz": "", "asciinames": "Füßmühle,Fißmühle" }, "geometry": { "type": "Point", "coordinates": [ 7.419, 50.276 ] } },
{ "type": "Feature", "properties": { "fid": 231090, "govid": "EUTSCHJO61EI", "type_value": "Ortsteil", "type_nr": "40", "name": "Eutritzsch", "last_german_name": "", "country": "D", "adm1": "object_218149", "adm2": "", "adm3": "", "adm4": "adm_144365", "plz": "04129", "asciinames": "" }, "geometry": { "type": "Point", "coordinates": [ 12.3839, 51.3719 ] } },
{ "type": "Feature", "properties": { "fid": 129308, "govid": "object_175117", "type_value": "Kirche", "type_nr": "26", "name": "Leipzig/St. Andreaskirche", "last_german_name": "", "country": "D", "adm1": "object_218149", "adm2": "", "adm3": "", "adm4": "adm_144365", "plz": "", "asciinames": "" }, "geometry": { "type": "Point", "coordinates": [ 12.374, 51.319 ] } },
{ "type": "Feature", "properties": { "fid": 129796, "govid": "object_176731", "type_value": "Kirche", "type_nr": "26", "name": "Leipzig-Thonberg/Erlöserkirche", "last_german_name": "", "country": "", "adm1": "", "adm2": "", "adm3": "", "adm4": "", "plz": "", "asciinames": "" }, "geometry": { "type": "Point", "coordinates": [ 12.4011, 51.32714 ] } },
{ "type": "Feature", "properties": { "fid": 129303, "govid": "object_175103", "type_value": "Kirche", "type_nr": "26", "name": "Leipzig/Peterskirche", "last_german_name": "", "country": "D", "adm1": "object_218149", "adm2": "", "adm3": "", "adm4": "adm_144365", "plz": "", "asciinames": "" }, "geometry": { "type": "Point", "coordinates": [ 12.3757, 51.33074 ] } },
{ "type": "Feature", "properties": { "fid": 208821, "govid": "LEIITZJO61EH", "type_value": "Wohnplatz", "type_nr": "129", "name": "Reudnitz", "last_german_name": "", "country": "D", "adm1": "object_218149", "adm2": "", "adm3": "", "adm4": "adm_144365", "plz": "04317", "asciinames": "" }, "geometry": { "type": "Point", "coordinates": [ 12.4014, 51.33194 ] } },
{ "type": "Feature", "properties": { "fid": 129278, "govid": "object_175049", "type_value": "Kirche", "type_nr": "26", "name": "Leipzig-Anger-Crottendorf/Trinitatiskirche", "last_german_name": "", "country": "D", "adm1": "object_218149", "adm2": "", "adm3": "", "adm4": "adm_144365", "plz": "", "asciinames": "" }, "geometry": { "type": "Point", "coordinates": [ 12.4131, 51.33522 ] } },
{ "type": "Feature", "properties": { "fid": 129302, "govid": "object_175101", "type_value": "Kirche", "type_nr": "26", "name": "Leipzig/Lutherkirche", "last_german_name": "", "country": "D", "adm1": "object_218149", "adm2": "", "adm3": "", "adm4": "adm_144365", "plz": "", "asciinames": "" }, "geometry": { "type": "Point", "coordinates": [ 12.363, 51.336 ] } },
{ "type": "Feature", "properties": { "fid": 129268, "govid": "object_175025", "type_value": "Kirche", "type_nr": "26", "name": "Leipzig-Reudnitz/Markuskirche", "last_german_name": "", "country": "D", "adm1": "object_218149", "adm2": "", "adm3": "", "adm4": "adm_144365", "plz": "", "asciinames": "" }, "geometry": { "type": "Point", "coordinates": [ 12.4038, 51.3388 ] } },
{ "type": "Feature", "properties": { "fid": 230245, "govid": "UNIULIJO61EI", "type_value": "Kirche", "type_nr": "26", "name": "Leipzig/Universitätskirche St. Pauli", "last_german_name": "", "country": "D", "adm1": "object_218149", "adm2": "", "adm3": "", "adm4": "adm_144365", "plz": "", "asciinames": "" }, "geometry": { "type": "Point", "coordinates": [ 12.3795, 51.3391 ] } },
{ "type": "Feature", "properties": { "fid": 129304, "govid": "object_175105", "type_value": "Kirche", "type_nr": "26", "name": "Leipzig/St. Thomaskirche", "last_german_name": "", "country": "D", "adm1": "object_218149", "adm2": "", "adm3": "", "adm4": "adm_144365", "plz": "", "asciinames": "" }, "geometry": { "type": "Point", "coordinates": [ 12.3727, 51.33942 ] } },
{ "type": "Feature", "properties": { "fid": 129288, "govid": "object_175071", "type_value": "Kirche", "type_nr": "26", "name": "Leipzig/St.Nikolai", "last_german_name": "", "country": "D", "adm1": "object_218149", "adm2": "", "adm3": "", "adm4": "adm_144365", "plz": "", "asciinames": "Leipzig/St.Nikolai-St.Johannis,Leipzig/St.Nikolai" }, "geometry": { "type": "Point", "coordinates": [ 12.3785, 51.3403 ] } },
{ "type": "Feature", "properties": { "fid": 61725, "govid": "LEIZIGJO61EI", "type_value": "Stadt", "type_nr": "51", "name": "Leipzig", "last_german_name": "", "country": "D", "adm1": "object_218149", "adm2": "", "adm3": "", "adm4": "adm_144365", "plz": "04103", "asciinames": "" }, "geometry": { "type": "Point", "coordinates": [ 12.3758, 51.34087 ] } },
{ "type": "Feature", "properties": { "fid": 129297, "govid": "object_175091", "type_value": "Ruine", "type_nr": "166", "name": "Leipzig/St. Matthäikirche", "last_german_name": "", "country": "D", "adm1": "object_218149", "adm2": "", "adm3": "", "adm4": "adm_144365", "plz": "", "asciinames": "" }, "geometry": { "type": "Point", "coordinates": [ 12.3711, 51.3414 ] } },
{ "type": "Feature", "properties": { "fid": 129267, "govid": "object_175023", "type_value": "Kirche", "type_nr": "26", "name": "Leipzig-Volkmarsdorf/Lukaskirche", "last_german_name": "", "country": "D", "adm1": "object_218149", "adm2": "", "adm3": "", "adm4": "adm_144365", "plz": "", "asciinames": "" }, "geometry": { "type": "Point", "coordinates": [ 12.4093, 51.34317 ] } },
{ "type": "Feature", "properties": { "fid": 129276, "govid": "object_175043", "type_value": "Kirche", "type_nr": "26", "name": "Leipzig-Sellerhausen/Emmauskirche", "last_german_name": "", "country": "D", "adm1": "object_218149", "adm2": "", "adm3": "", "adm4": "adm_144365", "plz": "", "asciinames": "" }, "geometry": { "type": "Point", "coordinates": [ 12.42737, 51.3433 ] } },
{ "type": "Feature", "properties": { "fid": 124788, "govid": "object_158507", "type_value": "Kirche", "type_nr": "26", "name": "Leipzig", "last_german_name": "", "country": "D", "adm1": "object_218149", "adm2": "", "adm3": "", "adm4": "adm_144365", "plz": "", "asciinames": "" }, "geometry": { "type": "Point", "coordinates": [ 12.373352, 51.344675 ] } },
{ "type": "Feature", "properties": { "fid": 231079, "govid": "NEUEL1JO61EI", "type_value": "Ortsteil", "type_nr": "40", "name": "Neuschönefeld", "last_german_name": "", "country": "D", "adm1": "object_218149", "adm2": "", "adm3": "", "adm4": "adm_144365", "plz": "04315", "asciinames": "" }, "geometry": { "type": "Point", "coordinates": [ 12.40222, 51.3447227 ] } },
{ "type": "Feature", "properties": { "fid": 129256, "govid": "object_174999", "type_value": "Kirche", "type_nr": "26", "name": "Leipzig-Paunsdorf/Genezarethkirche", "last_german_name": "", "country": "D", "adm1": "object_218149", "adm2": "", "adm3": "", "adm4": "adm_144365", "plz": "", "asciinames": "Leipzig-Paunsdorf,Leipzig-Paunsdorf/Genezarethkirche" }, "geometry": { "type": "Point", "coordinates": [ 12.4458, 51.3466 ] } },
{ "type": "Feature", "properties": { "fid": 129266, "govid": "object_175021", "type_value": "Kirche", "type_nr": "26", "name": "Leipzig-Neustadt-Neuschönefeld/Heilig-Kreuz-Kirche", "last_german_name": "", "country": "D", "adm1": "object_218149", "adm2": "", "adm3": "", "adm4": "adm_144365", "plz": "", "asciinames": "" }, "geometry": { "type": "Point", "coordinates": [ 12.4035, 51.34798 ] } },
{ "type": "Feature", "properties": { "fid": 129301, "govid": "object_175099", "type_value": "Kirche", "type_nr": "26", "name": "Leipzig/Michaeliskirche", "last_german_name": "", "country": "D", "adm1": "object_218149", "adm2": "", "adm3": "", "adm4": "adm_144365", "plz": "", "asciinames": "" }, "geometry": { "type": "Point", "coordinates": [ 12.374, 51.3527 ] } },
{ "type": "Feature", "properties": { "fid": 129310, "govid": "object_175123", "type_value": "Kirche", "type_nr": "26", "name": "Leipzig-Gohlis/Friedenskirche", "last_german_name": "", "country": "D", "adm1": "object_218149", "adm2": "", "adm3": "", "adm4": "adm_144365", "plz": "", "asciinames": "" }, "geometry": { "type": "Point", "coordinates": [ 12.3683, 51.35852 ] } },
{ "type": "Feature", "properties": { "fid": 129274, "govid": "object_175039", "type_value": "Kirche", "type_nr": "26", "name": "Leipzig-Schönefeld/Gedächtniskirche", "last_german_name": "", "country": "D", "adm1": "object_218149", "adm2": "", "adm3": "", "adm4": "adm_144365", "plz": "", "asciinames": "" }, "geometry": { "type": "Point", "coordinates": [ 12.4091, 51.35955 ] } },
{ "type": "Feature", "properties": { "fid": 172022, "govid": "object_383964", "type_value": "Kirche", "type_nr": "26", "name": "Leipzig-Schönefeld (Heilige Familie)", "last_german_name": "", "country": "D", "adm1": "object_218149", "adm2": "", "adm3": "", "adm4": "adm_144365", "plz": "", "asciinames": "" }, "geometry": { "type": "Point", "coordinates": [ 12.4113, 51.36014 ] } },
{ "type": "Feature", "properties": { "fid": 231081, "govid": "SUDADTJO61EH", "type_value": "Stadtteil", "type_nr": "54", "name": "Südvorstadt", "last_german_name": "", "country": "D", "adm1": "object_218149", "adm2": "", "adm3": "", "adm4": "adm_144365", "plz": "04103", "asciinames": "" }, "geometry": { "type": "Point", "coordinates": [ 12.3735, 51.32074 ] } },
{ "type": "Feature", "properties": { "fid": 231084, "govid": "ZENORDJO61EI", "type_value": "Stadtteil", "type_nr": "54", "name": "Zentrum Nord", "last_german_name": "", "country": "D", "adm1": "object_218149", "adm2": "", "adm3": "", "adm4": "adm_144365", "plz": "04103", "asciinames": "" }, "geometry": { "type": "Point", "coordinates": [ 12.3713, 51.3547 ] } },
{ "type": "Feature", "properties": { "fid": 231085, "govid": "ZENSUDJO61EH", "type_value": "Stadtteil", "type_nr": "54", "name": "Zentrum Süd", "last_german_name": "", "country": "D", "adm1": "object_218149", "adm2": "", "adm3": "", "adm4": "adm_144365", "plz": "04103", "asciinames": "" }, "geometry": { "type": "Point", "coordinates": [ 12.3715, 51.3316 ] } },
{ "type": "Feature", "properties": { "fid": 231087, "govid": "ANGGERJO61FI", "type_value": "Dorf", "type_nr": "55", "name": "Anger", "last_german_name": "", "country": "D", "adm1": "object_218149", "adm2": "", "adm3": "", "adm4": "adm_144365", "plz": "", "asciinames": "" }, "geometry": { "type": "Point", "coordinates": [ 12.4184, 51.3449 ] } },
{ "type": "Feature", "properties": { "fid": 231088, "govid": "CROOR1JO61EI", "type_value": "Dorf", "type_nr": "55", "name": "Crottendorf", "last_german_name": "", "country": "D", "adm1": "object_218149", "adm2": "", "adm3": "", "adm4": "adm_144365", "plz": "", "asciinames": "" }, "geometry": { "type": "Point", "coordinates": [ 12.4144, 51.3377 ] } },
{ "type": "Feature", "properties": { "fid": 231091, "govid": "GOHLI1JO61EI", "type_value": "Stadtteil", "type_nr": "54", "name": "Gohlis", "last_german_name": "", "country": "D", "adm1": "object_218149", "adm2": "", "adm3": "", "adm4": "adm_144365", "plz": "04155", "asciinames": "" }, "geometry": { "type": "Point", "coordinates": [ 12.3677, 51.3585 ] } },
{ "type": "Feature", "properties": { "fid": 231102, "govid": "PAUOR1JO61FI", "type_value": "Ortsteil", "type_nr": "40", "name": "Paunsdorf", "last_german_name": "", "country": "D", "adm1": "object_218149", "adm2": "", "adm3": "", "adm4": "adm_144365", "plz": "04328", "asciinames": "" }, "geometry": { "type": "Point", "coordinates": [ 12.4442, 51.3486 ] } },
{ "type": "Feature", "properties": { "fid": 231106, "govid": "SCHELDJO61EI", "type_value": "Ortsteil", "type_nr": "40", "name": "Schönefeld", "last_german_name": "", "country": "D", "adm1": "object_218149", "adm2": "", "adm3": "", "adm4": "adm_144365", "plz": "04347", "asciinames": "" }, "geometry": { "type": "Point", "coordinates": [ 12.4155, 51.3594 ] } },
{ "type": "Feature", "properties": { "fid": 231107, "govid": "SELSENJO61FI", "type_value": "Ortsteil", "type_nr": "40", "name": "Sellerhausen", "last_german_name": "", "country": "D", "adm1": "object_218149", "adm2": "", "adm3": "", "adm4": "adm_144365", "plz": "O7010", "asciinames": "" }, "geometry": { "type": "Point", "coordinates": [ 12.4302, 51.3489 ] } },
{ "type": "Feature", "properties": { "fid": 231109, "govid": "LEICHEJO61EI", "type_value": "Ruine", "type_nr": "166", "name": "Leipzig/St.Johanniskirche", "last_german_name": "", "country": "D", "adm1": "object_218149", "adm2": "", "adm3": "", "adm4": "adm_144365", "plz": "", "asciinames": "" }, "geometry": { "type": "Point", "coordinates": [ 12.3721, 51.3411 ] } },
{ "type": "Feature", "properties": { "fid": 231116, "govid": "VOLORFJO61EI", "type_value": "Ortsteil", "type_nr": "40", "name": "Volkmarsdorf", "last_german_name": "", "country": "D", "adm1": "object_218149", "adm2": "", "adm3": "", "adm4": "adm_144365", "plz": "04315", "asciinames": "" }, "geometry": { "type": "Point", "coordinates": [ 12.4094, 51.3439 ] } },
{ "type": "Feature", "properties": { "fid": 236055, "govid": "NEUITZJO61EH", "type_value": "Ort", "type_nr": "39", "name": "Neureudnitz", "last_german_name": "", "country": "", "adm1": "", "adm2": "", "adm3": "", "adm4": "", "plz": "", "asciinames": "" }, "geometry": { "type": "Point", "coordinates": [ 12.403, 51.3283 ] } },
{ "type": "Feature", "properties": { "fid": 237349, "govid": "THOERGJO61EH", "type_value": "Ortsteil", "type_nr": "40", "name": "Thonberg", "last_german_name": "", "country": "D", "adm1": "object_218149", "adm2": "", "adm3": "", "adm4": "adm_144365", "plz": "", "asciinames": "" }, "geometry": { "type": "Point", "coordinates": [ 12.4014, 51.325 ] } },
{ "type": "Feature", "properties": { "fid": 244190, "govid": "NEUSENJO61EI", "type_value": "Ort", "type_nr": "39", "name": "Neusellerhausen", "last_german_name": "", "country": "D", "adm1": "object_218149", "adm2": "", "adm3": "", "adm4": "adm_144365", "plz": "", "asciinames": "" }, "geometry": { "type": "Point", "coordinates": [ 12.4111, 51.3418 ] } },
{ "type": "Feature", "properties": { "fid": 244210, "govid": "STUUN1JO61FI", "type_value": "Stadtteil", "type_nr": "54", "name": "Stünz", "last_german_name": "", "country": "D", "adm1": "object_218149", "adm2": "", "adm3": "", "adm4": "adm_144365", "plz": "", "asciinames": "" }, "geometry": { "type": "Point", "coordinates": [ 12.4328, 51.3393 ] } },
{ "type": "Feature", "properties": { "fid": 129291, "govid": "object_175079", "type_value": "Kirche", "type_nr": "26", "name": "Leipzig-Möckern/Auferstehung", "last_german_name": "", "country": "D", "adm1": "object_218149", "adm2": "", "adm3": "", "adm4": "adm_144365", "plz": "", "asciinames": "" }, "geometry": { "type": "Point", "coordinates": [ 12.34499, 51.36768 ] } },
{ "type": "Feature", "properties": { "fid": 237347, "govid": "KASERNJO61EI", "type_value": "Ort", "type_nr": "39", "name": "Kaserne Möckern", "last_german_name": "", "country": "D", "adm1": "object_218149", "adm2": "", "adm3": "", "adm4": "adm_144365", "plz": "", "asciinames": "" }, "geometry": { "type": "Point", "coordinates": [ 12.354, 51.3693 ] } },
{ "type": "Feature", "properties": { "fid": 129284, "govid": "object_175061", "type_value": "Kirche", "type_nr": "26", "name": "Leipzig-Eutritzsch/Christuskirche", "last_german_name": "", "country": "D", "adm1": "object_218149", "adm2": "", "adm3": "", "adm4": "adm_144365", "plz": "", "asciinames": "" }, "geometry": { "type": "Point", "coordinates": [ 12.38525, 51.37017 ] } },
{ "type": "Feature", "properties": { "fid": 129312, "govid": "object_175129", "type_value": "Kirche", "type_nr": "26", "name": "Leipzig-Gohlis/Versöhnungskirche", "last_german_name": "", "country": "D", "adm1": "object_218149", "adm2": "", "adm3": "", "adm4": "adm_144365", "plz": "", "asciinames": "" }, "geometry": { "type": "Point", "coordinates": [ 12.3686, 51.37192 ] } },
{ "type": "Feature", "properties": { "fid": 167407, "govid": "LOSITZJO60PW", "type_value": "Ortsteil", "type_nr": "40", "name": "Loßnitz", "last_german_name": "", "country": "D", "adm1": "object_218149", "adm2": "", "adm3": "adm_144025", "adm4": "FREERGJO60QW", "plz": "", "asciinames": "" }, "geometry": { "type": "Point", "coordinates": [ 13.330556, 50.934722 ] } },
{ "type": "Feature", "properties": { "fid": 129138, "govid": "object_174737", "type_value": "Kirche", "type_nr": "26", "name": "Tuttendorf/St. Annen", "last_german_name": "", "country": "D", "adm1": "object_218149", "adm2": "", "adm3": "object_315599", "adm4": "HALCKEJO60QW", "plz": "", "asciinames": "" }, "geometry": { "type": "Point", "coordinates": [ 13.3612, 50.93918 ] } },
{ "type": "Feature", "properties": { "fid": 169235, "govid": "HALCK1JO60QW", "type_value": "Dorf", "type_nr": "55", "name": "Halsbrücke", "last_german_name": "", "country": "D", "adm1": "object_218149", "adm2": "", "adm3": "object_315599", "adm4": "HALCKEJO60QW", "plz": "09633", "asciinames": "" }, "geometry": { "type": "Point", "coordinates": [ 13.3521, 50.9539 ] } },
{ "type": "Feature", "properties": { "fid": 169237, "govid": "HINSERJO60QW", "type_value": "Wohnplatz", "type_nr": "129", "name": "Hinterhäuser", "last_german_name": "", "country": "D", "adm1": "object_218149", "adm2": "", "adm3": "object_315599", "adm4": "HALCKEJO60QW", "plz": "09633", "asciinames": "" }, "geometry": { "type": "Point", "coordinates": [ 13.3602, 50.9479 ] } },
{ "type": "Feature", "properties": { "fid": 230651, "govid": "TUTOR1JO60QW", "type_value": "Ortsteil", "type_nr": "40", "name": "Tuttendorf", "last_german_name": "", "country": "D", "adm1": "object_218149", "adm2": "", "adm3": "object_315599", "adm4": "HALCKEJO60QW", "plz": "09633", "asciinames": "" }, "geometry": { "type": "Point", "coordinates": [ 13.3591, 50.9383 ] } },
{ "type": "Feature", "properties": { "fid": 26500, "govid": "FREACH_O9201", "type_value": "Ortsteil", "type_nr": "40", "name": "Halsbach", "last_german_name": "", "country": "D", "adm1": "object_218149", "adm2": "", "adm3": "adm_144025", "adm4": "FREERGJO60QW", "plz": "09599", "asciinames": "" }, "geometry": { "type": "Point", "coordinates": [ 13.37692, 50.92384 ] } },
{ "type": "Feature", "properties": { "fid": 129156, "govid": "object_174777", "type_value": "Kirche", "type_nr": "26", "name": "Conradsdorf", "last_german_name": "", "country": "D", "adm1": "object_218149", "adm2": "", "adm3": "object_315599", "adm4": "HALCKEJO60QW", "plz": "", "asciinames": "" }, "geometry": { "type": "Point", "coordinates": [ 13.3804, 50.95092 ] } },
{ "type": "Feature", "properties": { "fid": 169162, "govid": "STEERGJO60QW", "type_value": "Wohnplatz", "type_nr": "129", "name": "Steinberg", "last_german_name": "", "country": "D", "adm1": "object_218149", "adm2": "", "adm3": "adm_144025", "adm4": "FREERGJO60QW", "plz": "09599", "asciinames": "" }, "geometry": { "type": "Point", "coordinates": [ 13.38629, 50.92566 ] } },
{ "type": "Feature", "properties": { "fid": 129148, "govid": "object_174761", "type_value": "Kirche", "type_nr": "26", "name": "Hilbersdorf", "last_german_name": "", "country": "D", "adm1": "object_218149", "adm2": "", "adm3": "object_315599", "adm4": "object_1285720", "plz": "", "asciinames": "" }, "geometry": { "type": "Point", "coordinates": [ 13.3923, 50.91093 ] } },
{ "type": "Feature", "properties": { "fid": 41789, "govid": "HILORFJO60QW", "type_value": "Dorf", "type_nr": "55", "name": "Hilbersdorf", "last_german_name": "", "country": "D", "adm1": "object_218149", "adm2": "", "adm3": "object_315599", "adm4": "object_1285720", "plz": "09627", "asciinames": "" }, "geometry": { "type": "Point", "coordinates": [ 13.39584, 50.90969 ] } },
{ "type": "Feature", "properties": { "fid": 129141, "govid": "object_174743", "type_value": "Kirche", "type_nr": "26", "name": "Naundorf", "last_german_name": "", "country": "D", "adm1": "object_218149", "adm2": "", "adm3": "object_315599", "adm4": "object_1285720", "plz": "", "asciinames": "" }, "geometry": { "type": "Point", "coordinates": [ 13.4218, 50.93676 ] } },
{ "type": "Feature", "properties": { "fid": 169101, "govid": "GIPSERJO60RW", "type_value": "Wohnplatz", "type_nr": "129", "name": "Gippenhäuser", "last_german_name": "", "country": "D", "adm1": "object_218149", "adm2": "", "adm3": "object_315599", "adm4": "object_1285720", "plz": "09600", "asciinames": "" }, "geometry": { "type": "Point", "coordinates": [ 13.4439, 50.9306 ] } },
{ "type": "Feature", "properties": { "fid": 169163, "govid": "KREARKJO60QW", "type_value": "Wohnplatz", "type_nr": "129", "name": "Kreuzermark", "last_german_name": "", "country": "D", "adm1": "object_218149", "adm2": "", "adm3": "adm_144025", "adm4": "FREERGJO60QW", "plz": "09599", "asciinames": "" }, "geometry": { "type": "Point", "coordinates": [ 13.38902, 50.93129 ] } },
{ "type": "Feature", "properties": { "fid": 169238, "govid": "KLEEHNJO60QW", "type_value": "Wohnplatz", "type_nr": "129", "name": "Kleinsiebenlehn", "last_german_name": "", "country": "D", "adm1": "object_218149", "adm2": "", "adm3": "object_315599", "adm4": "HALCKEJO60QW", "plz": "09633", "asciinames": "" }, "geometry": { "type": "Point", "coordinates": [ 13.36947, 50.94609 ] } },
{ "type": "Feature", "properties": { "fid": 169239, "govid": "NEUORFJO60QW", "type_value": "Wohnplatz", "type_nr": "129", "name": "Neuhilbersdorf", "last_german_name": "", "country": "D", "adm1": "object_218149", "adm2": "", "adm3": "object_315599", "adm4": "object_1285720", "plz": "09627", "asciinames": "" }, "geometry": { "type": "Point", "coordinates": [ 13.38102, 50.91827 ] } },
{ "type": "Feature", "properties": { "fid": 230649, "govid": "CONOR1JO60QW", "type_value": "Ortsteil", "type_nr": "40", "name": "Conradsdorf", "last_german_name": "", "country": "D", "adm1": "object_218149", "adm2": "", "adm3": "object_315599", "adm4": "HALCKEJO60QW", "plz": "09633", "asciinames": "" }, "geometry": { "type": "Point", "coordinates": [ 13.3731, 50.9473 ] } },
{ "type": "Feature", "properties": { "fid": 230650, "govid": "FALER1JO60QW", "type_value": "Ortsteil", "type_nr": "40", "name": "Falkenberg", "last_german_name": "", "country": "D", "adm1": "object_218149", "adm2": "", "adm3": "object_315599", "adm4": "HALCKEJO60QW", "plz": "09633", "asciinames": "" }, "geometry": { "type": "Point", "coordinates": [ 13.39177, 50.95184 ] } },
{ "type": "Feature", "properties": { "fid": 231231, "govid": "NAUOR1JO60RW", "type_value": "Ortsteil", "type_nr": "40", "name": "Naundorf", "last_german_name": "", "country": "D", "adm1": "object_218149", "adm2": "", "adm3": "object_315599", "adm4": "object_1285720", "plz": "09627", "asciinames": "" }, "geometry": { "type": "Point", "coordinates": [ 13.422, 50.93626 ] } },
{ "type": "Feature", "properties": { "fid": 169140, "govid": "FLOOH1JO60MU", "type_value": "Stadt", "type_nr": "51", "name": "Flöha", "last_german_name": "", "country": "D", "adm1": "object_218149", "adm2": "", "adm3": "object_315599", "adm4": "FLOOHAJO60MU", "plz": "09557", "asciinames": "" }, "geometry": { "type": "Point", "coordinates": [ 13.0725, 50.8585 ] } },
{ "type": "Feature", "properties": { "fid": 129127, "govid": "object_174715", "type_value": "Kirche", "type_nr": "26", "name": "Flöha/St. Georgenkirche", "last_german_name": "", "country": "D", "adm1": "object_218149", "adm2": "", "adm3": "object_315599", "adm4": "FLOOHAJO60MU", "plz": "", "asciinames": "" }, "geometry": { "type": "Point", "coordinates": [ 13.06766, 50.86109 ] } },
{ "type": "Feature", "properties": { "fid": 153140, "govid": "object_265318", "type_value": "Kirche", "type_nr": "26", "name": "Flöha (St.Theresia)", "last_german_name": "", "country": "D", "adm1": "object_218149", "adm2": "", "adm3": "object_315599", "adm4": "FLOOHAJO60MU", "plz": "", "asciinames": "" }, "geometry": { "type": "Point", "coordinates": [ 13.06876, 50.86123 ] } },
{ "type": "Feature", "properties": { "fid": 169143, "govid": "GUCERGJO60NU", "type_value": "Ortsteil", "type_nr": "40", "name": "Gückelsberg", "last_german_name": "", "country": "D", "adm1": "object_218149", "adm2": "", "adm3": "object_315599", "adm4": "FLOOHAJO60MU", "plz": "09557", "asciinames": "" }, "geometry": { "type": "Point", "coordinates": [ 13.084716, 50.861593 ] } },
{ "type": "Feature", "properties": { "fid": 93732, "govid": "SCHEINJO60MU", "type_value": "Ort", "type_nr": "39", "name": "Scharfenstein", "last_german_name": "", "country": "D", "adm1": "object_218149", "adm2": "", "adm3": "object_315599", "adm4": "FLOOHAJO60MU", "plz": "", "asciinames": "" }, "geometry": { "type": "Point", "coordinates": [ 13.07, 50.87 ] } },
{ "type": "Feature", "properties": { "fid": 129115, "govid": "object_174687", "type_value": "Kirche", "type_nr": "26", "name": "Flöha-Plaue/Auferstehungskirche", "last_german_name": "", "country": "D", "adm1": "object_218149", "adm2": "", "adm3": "object_315599", "adm4": "FLOOHAJO60MU", "plz": "", "asciinames": "" }, "geometry": { "type": "Point", "coordinates": [ 13.0713, 50.84184 ] } },
{ "type": "Feature", "properties": { "fid": 230748, "govid": "object_1314440", "type_value": "Ortsteil", "type_nr": "40", "name": "Plaue", "last_german_name": "", "country": "D", "adm1": "object_218149", "adm2": "", "adm3": "object_315599", "adm4": "FLOOHAJO60MU", "plz": "09557", "asciinames": "Plaue-Bernsdorf,Plaue" }, "geometry": { "type": "Point", "coordinates": [ 13.0777, 50.8458 ] } },
{ "type": "Feature", "properties": { "fid": 169142, "govid": "NEURGEJO60MU", "type_value": "Wohnplatz", "type_nr": "129", "name": "Neue Sorge", "last_german_name": "", "country": "D", "adm1": "object_218149", "adm2": "", "adm3": "object_315599", "adm4": "FLOOHAJO60MU", "plz": "09557", "asciinames": "" }, "geometry": { "type": "Point", "coordinates": [ 13.06417, 50.84721 ] } },
{ "type": "Feature", "properties": { "fid": 161479, "govid": "HETORFJO60NU", "type_value": "Wohnplatz", "type_nr": "129", "name": "Hetzdorf Bahnhof", "last_german_name": "", "country": "D", "adm1": "object_218149", "adm2": "", "adm3": "object_315599", "adm4": "FALNAUJO60NU", "plz": "09569", "asciinames": "" }, "geometry": { "type": "Point", "coordinates": [ 13.1282, 50.8408 ] } },
{ "type": "Feature", "properties": { "fid": 169141, "govid": "SCHDEYJO60NU", "type_value": "Ortsteil", "type_nr": "40", "name": "Schweddey", "last_german_name": "", "country": "D", "adm1": "object_218149", "adm2": "", "adm3": "object_315599", "adm4": "FLOOHAJO60MU", "plz": "09557", "asciinames": "" }, "geometry": { "type": "Point", "coordinates": [ 13.0893, 50.8444 ] } },
{ "type": "Feature", "properties": { "fid": 169138, "govid": "HETOR1JO60NU", "type_value": "Wohnplatz", "type_nr": "129", "name": "Hetzdorf", "last_german_name": "", "country": "D", "adm1": "object_218149", "adm2": "", "adm3": "object_315599", "adm4": "OEDRANJO60OU", "plz": "09569", "asciinames": "" }, "geometry": { "type": "Point", "coordinates": [ 13.14843, 50.84632 ] } },
{ "type": "Feature", "properties": { "fid": 169139, "govid": "THIORFJO60OU", "type_value": "Wohnplatz", "type_nr": "129", "name": "Thiemendorf", "last_german_name": "", "country": "D", "adm1": "object_218149", "adm2": "", "adm3": "object_315599", "adm4": "OEDRANJO60OU", "plz": "09569", "asciinames": "" }, "geometry": { "type": "Point", "coordinates": [ 13.1668, 50.8525 ] } },
{ "type": "Feature", "properties": { "fid": 129118, "govid": "object_174695", "type_value": "Kirche", "type_nr": "26", "name": "Falkenau", "last_german_name": "", "country": "D", "adm1": "object_218149", "adm2": "", "adm3": "object_315599", "adm4": "FALNAUJO60NU", "plz": "", "asciinames": "" }, "geometry": { "type": "Point", "coordinates": [ 13.11494, 50.85454 ] } },
{ "type": "Feature", "properties": { "fid": 169137, "govid": "GUSUNGJO60NU", "type_value": "Siedlung", "type_nr": "120", "name": "Gustav-Haubold-Siedlung", "last_german_name": "", "country": "D", "adm1": "object_218149", "adm2": "", "adm3": "object_315599", "adm4": "FALNAUJO60NU", "plz": "09569", "asciinames": "" }, "geometry": { "type": "Point", "coordinates": [ 13.110716, 50.857508 ] } },
{ "type": "Feature", "properties": { "fid": 129110, "govid": "object_174677", "type_value": "Kirche", "type_nr": "26", "name": "Oederan/Zu unserer lieben Frauen Kirche", "last_german_name": "", "country": "D", "adm1": "object_218149", "adm2": "", "adm3": "object_315599", "adm4": "OEDRANJO60OU", "plz": "", "asciinames": "" }, "geometry": { "type": "Point", "coordinates": [ 13.1677, 50.86062 ] } },
{ "type": "Feature", "properties": { "fid": 169533, "govid": "OEDRA1JO60OU", "type_value": "Stadt", "type_nr": "51", "name": "Oederan", "last_german_name": "", "country": "D", "adm1": "object_218149", "adm2": "", "adm3": "object_315599", "adm4": "OEDRANJO60OU", "plz": "09569", "asciinames": "" }, "geometry": { "type": "Point", "coordinates": [ 13.16791, 50.861 ] } },
{ "type": "Feature", "properties": { "fid": 230746, "govid": "FALNA1JO60NU", "type_value": "Dorf", "type_nr": "55", "name": "Falkenau", "last_german_name": "", "country": "D", "adm1": "object_218149", "adm2": "", "adm3": "object_315599", "adm4": "FALNAUJO60NU", "plz": "09569", "asciinames": "" }, "geometry": { "type": "Point", "coordinates": [ 13.1137, 50.8544 ] } },
{ "type": "Feature", "properties": { "fid": 243996, "govid": "BRENAUJO60NU", "type_value": "Dorf", "type_nr": "55", "name": "Breitenau", "last_german_name": "", "country": "D", "adm1": "", "adm2": "", "adm3": "", "adm4": "", "plz": "", "asciinames": "" }, "geometry": { "type": "Point", "coordinates": [ 13.163, 50.8478 ] } },
{ "type": "Feature", "properties": { "fid": 244000, "govid": "GRUERGJO60NT", "type_value": "Dorf", "type_nr": "55", "name": "Grünberg", "last_german_name": "", "country": "D", "adm1": "", "adm2": "", "adm3": "", "adm4": "", "plz": "", "asciinames": "" }, "geometry": { "type": "Point", "coordinates": [ 13.10825, 50.8281 ] } },
{ "type": "Feature", "properties": { "fid": 230598, "govid": "BORHE1JO60NU", "type_value": "Ortsteil", "type_nr": "40", "name": "Börnichen", "last_german_name": "", "country": "D", "adm1": "object_218149", "adm2": "", "adm3": "object_315599", "adm4": "OEDRANJO60OU", "plz": "09569", "asciinames": "" }, "geometry": { "type": "Point", "coordinates": [ 13.1567, 50.8702 ] } },
{ "type": "Feature", "properties": { "fid": 230549, "govid": "BAAOR1JO61FH", "type_value": "Ortsteil", "type_nr": "40", "name": "Baalsdorf", "last_german_name": "", "country": "D", "adm1": "object_218149", "adm2": "", "adm3": "", "adm4": "adm_144365", "plz": "04457", "asciinames": "" }, "geometry": { "type": "Point", "coordinates": [ 12.4833, 51.3232 ] } },
{ "type": "Feature", "properties": { "fid": 230733, "govid": "KLESN1JO61GH", "type_value": "Ortsteil", "type_nr": "40", "name": "Kleinpösna", "last_german_name": "", "country": "D", "adm1": "object_218149", "adm2": "", "adm3": "", "adm4": "adm_144365", "plz": "04463", "asciinames": "" }, "geometry": { "type": "Point", "coordinates": [ 12.51767, 51.30973 ] } },
{ "type": "Feature", "properties": { "fid": 129286, "govid": "object_175067", "type_value": "Kirche", "type_nr": "26", "name": "Liebertwolkwitz", "last_german_name": "", "country": "D", "adm1": "object_218149", "adm2": "", "adm3": "", "adm4": "adm_144365", "plz": "", "asciinames": "" }, "geometry": { "type": "Point", "coordinates": [ 12.46284, 51.2823 ] } },
{ "type": "Feature", "properties": { "fid": 204316, "govid": "ZUCSENJO61FH", "type_value": "Ortsteil", "type_nr": "40", "name": "Zuckelhausen", "last_german_name": "", "country": "D", "adm1": "object_218149", "adm2": "", "adm3": "", "adm4": "adm_144365", "plz": "04454", "asciinames": "" }, "geometry": { "type": "Point", "coordinates": [ 12.4519, 51.3036 ] } },
{ "type": "Feature", "properties": { "fid": 129275, "govid": "object_175041", "type_value": "Kirche", "type_nr": "26", "name": "Leipzig-Probstheida/Immanuelkirche", "last_german_name": "", "country": "D", "adm1": "object_218149", "adm2": "", "adm3": "", "adm4": "adm_144365", "plz": "", "asciinames": "" }, "geometry": { "type": "Point", "coordinates": [ 12.42577, 51.3064 ] } },
{ "type": "Feature", "properties": { "fid": 230893, "govid": "HOLZIGJO61FH", "type_value": "Ortsteil", "type_nr": "40", "name": "Holzhausen", "last_german_name": "", "country": "D", "adm1": "object_218149", "adm2": "", "adm3": "", "adm4": "adm_144365", "plz": "04454", "asciinames": "" }, "geometry": { "type": "Point", "coordinates": [ 12.4649, 51.3086 ] } },
{ "type": "Feature", "properties": { "fid": 129285, "govid": "object_175065", "type_value": "Kirche", "type_nr": "26", "name": "Holzhausen", "last_german_name": "", "country": "D", "adm1": "object_218149", "adm2": "", "adm3": "", "adm4": "adm_144365", "plz": "", "asciinames": "" }, "geometry": { "type": "Point", "coordinates": [ 12.4649, 51.30892 ] } },
{ "type": "Feature", "properties": { "fid": 67151, "govid": "MARUNN_O7010", "type_value": "Ortsteil", "type_nr": "40", "name": "Marienbrunn", "last_german_name": "", "country": "D", "adm1": "object_218149", "adm2": "", "adm3": "", "adm4": "adm_144365", "plz": "04277", "asciinames": "" }, "geometry": { "type": "Point", "coordinates": [ 12.3973, 51.30965 ] } },
{ "type": "Feature", "properties": { "fid": 129255, "govid": "object_174997", "type_value": "Kirche", "type_nr": "26", "name": "Leipzig-Marienbrunn", "last_german_name": "", "country": "D", "adm1": "object_218149", "adm2": "", "adm3": "", "adm4": "adm_144365", "plz": "", "asciinames": "" }, "geometry": { "type": "Point", "coordinates": [ 12.4016, 51.31133 ] } },
{ "type": "Feature", "properties": { "fid": 231103, "govid": "PROIDAJO61FH", "type_value": "Ortsteil", "type_nr": "40", "name": "Probstheida", "last_german_name": "", "country": "D", "adm1": "object_218149", "adm2": "", "adm3": "", "adm4": "adm_144365", "plz": "04299", "asciinames": "" }, "geometry": { "type": "Point", "coordinates": [ 12.4266, 51.30525 ] } },
{ "type": "Feature", "properties": { "fid": 231128, "govid": "LIEIT1JO61FG", "type_value": "Ortsteil", "type_nr": "40", "name": "Liebertwolkwitz", "last_german_name": "", "country": "D", "adm1": "object_218149", "adm2": "", "adm3": "", "adm4": "adm_144365", "plz": "04445", "asciinames": "" }, "geometry": { "type": "Point", "coordinates": [ 12.4639, 51.2827 ] } },
{ "type": "Feature", "properties": { "fid": 237334, "govid": "MEUOR1JO61FG", "type_value": "Ortsteil", "type_nr": "40", "name": "Meusdorf", "last_german_name": "", "country": "D", "adm1": "object_218149", "adm2": "", "adm3": "", "adm4": "adm_144365", "plz": "04289", "asciinames": "" }, "geometry": { "type": "Point", "coordinates": [ 12.4371, 51.2895 ] } },
{ "type": "Feature", "properties": { "fid": 129270, "govid": "object_175031", "type_value": "Kirche", "type_nr": "26", "name": "Leipzig-Stötteritz/Marienkirche", "last_german_name": "", "country": "D", "adm1": "object_218149", "adm2": "", "adm3": "", "adm4": "adm_144365", "plz": "", "asciinames": "" }, "geometry": { "type": "Point", "coordinates": [ 12.42417, 51.32128 ] } },
{ "type": "Feature", "properties": { "fid": 230514, "govid": "ZWEOR1JO61FH", "type_value": "Ortsteil", "type_nr": "40", "name": "Zweinaundorf", "last_german_name": "", "country": "D", "adm1": "object_218149", "adm2": "", "adm3": "", "adm4": "adm_144365", "plz": "04316", "asciinames": "" }, "geometry": { "type": "Point", "coordinates": [ 12.45321, 51.32474 ] } },
{ "type": "Feature", "properties": { "fid": 230515, "govid": "MOLKA1JO61FH", "type_value": "Kirche", "type_nr": "26", "name": "Mölkau", "last_german_name": "", "country": "D", "adm1": "object_218149", "adm2": "", "adm3": "", "adm4": "adm_144365", "plz": "", "asciinames": "Mölkau,Zweinaundorf" }, "geometry": { "type": "Point", "coordinates": [ 12.452, 51.32559 ] } },
{ "type": "Feature", "properties": { "fid": 231108, "govid": "STOIT1JO61FH", "type_value": "Ortsteil", "type_nr": "40", "name": "Stötteritz", "last_german_name": "", "country": "D", "adm1": "object_218149", "adm2": "", "adm3": "", "adm4": "adm_144365", "plz": "04299", "asciinames": "" }, "geometry": { "type": "Point", "coordinates": [ 12.4259, 51.3202 ] } },
{ "type": "Feature", "properties": { "fid": 244244, "govid": "MOLKA2JO61FH", "type_value": "Ortsteil", "type_nr": "40", "name": "Mölkau", "last_german_name": "", "country": "D", "adm1": "object_218149", "adm2": "", "adm3": "", "adm4": "adm_144365", "plz": "04457", "asciinames": "" }, "geometry": { "type": "Point", "coordinates": [ 12.44381, 51.33166 ] } },
{ "type": "Feature", "properties": { "fid": 129271, "govid": "object_175033", "type_value": "Kirche", "type_nr": "26", "name": "Baalsdorf", "last_german_name": "", "country": "D", "adm1": "object_218149", "adm2": "", "adm3": "", "adm4": "adm_144365", "plz": "", "asciinames": "" }, "geometry": { "type": "Point", "coordinates": [ 12.4828, 51.32319 ] } }
]
}
